,user_id,num_revs,nationality,group,age
0,2204119,1,Spain,,
1,3765998,1,Northern Ireland,,
2,2384221,1,Canada,,
3,2378241,1,Brazil,,
4,1285791,2,Australia,,
5,2558799,1,Mexico,,
6,3520243,1,USA,,
7,2269986,4,Australia,,
8,3957127,1,Hungary,,
9,1622232,1,Ireland,,
10,3124923,1,USA,,
11,4320459,1,Denmark,,
12,3864486,3,Canada,,
13,4961471,1,USA,,
14,1527171,1,Australia,,
15,4538633,1,Scotland,,
16,1189474,2,England,,
17,1595059,2,Hong Kong,,
18,3637809,1,Australia,Male,31-40
19,3835945,1,England,,
20,1742493,1,USA,,
21,3461306,3,Canada,,
22,3656651,1,England,,
23,3298399,4,Wales,Male,41+
24,4689406,1,Spain,,
25,2654918,14,Australia,,
26,1892703,2,Malta,Male,25-30
27,3986679,1,USA,Female,25-30
28,2899312,1,Brunei,,
29,4451133,2,Spain,Mixed Group,31-40
30,4995137,1,USA,,
31,2702720,1,France,,
32,2355196,4,USA,Male,25-30
33,4579770,3,Netherlands,Male,41+
34,1721868,1,Canada,,
35,1709669,1,USA,,
36,2369857,1,Italy,,
37,2857241,1,Canada,,
38,3395644,1,USA,,
39,2945376,1,France,,
40,1097162,2,New Zealand,,
41,4831612,3,Australia,Female,25-30
42,2746226,1,Italy,,
43,3784926,2,Greece,Male,25-30
44,4572822,1,USA,,
45,3311845,1,USA,,
46,3213069,2,England,,
47,3630431,12,Ireland,,
48,1755206,1,Malaysia,,
49,2841815,1,England,,
50,4929738,1,Japan,,
51,3151081,2,USA,,
52,3243188,2,Germany,Mixed Group,31-40
53,1102111,1,USA,,
54,3005780,1,USA,,
55,2124926,2,Spain,Male,31-40
56,3238316,1,USA,,
57,3334761,1,Germany,SOLO,THIRTYONETOFOURTY
58,4693321,5,Hong Kong,Male,31-40
59,4879785,3,Hong Kong,,
60,3883738,1,New Zealand,,
61,2333488,2,Australia,,
62,4810042,1,Norway,,
63,1751982,1,USA,,
64,2566174,2,Uruguay,Female,41+
65,2084775,3,Australia,,
66,3014067,1,USA,,
67,3418075,1,South Korea,,
68,2841635,2,England,Female,25-30
69,4467230,1,Germany,,
70,3799989,8,England,Couple,31-40
71,4586787,1,USA,,
72,1593217,1,Hong Kong,,
73,2540933,1,Ireland,,
74,3226370,1,England,Male,25-30
75,2962957,19,Malaysia,Couple,31-40
76,4309662,3,Ukraine,,
77,2872997,1,USA,,
78,4725965,2,Spain,,
79,2962638,1,USA,,
80,1088065,1,USA,,
81,2421354,1,France,,
82,4366838,1,USA,,
83,2240289,2,England,Female,25-30
84,2682811,1,USA,,
85,1379541,6,Australia,,
86,1986006,1,USA,,
87,3085189,1,USA,,
88,4031166,2,Australia,,
89,2869049,1,China,,
90,2784672,2,USA,,
91,4302989,3,USA,,
92,4847639,1,Denmark,,
93,3887412,1,Ireland,,
94,3156004,1,England,,
95,1658982,1,Germany,,
96,3658063,1,Australia,Female,25-30
97,4498926,1,USA,,
98,2095695,1,Canada,,
99,3352179,2,Australia,,
100,4162075,1,Netherlands,,
101,2994378,3,England,Male,31-40
102,4736261,1,Portugal,,
103,1465559,1,Australia,,
104,3378079,1,USA,Female,25-30
105,2755253,1,Czech Republic,,
106,4392719,1,New Zealand,,
107,2794559,1,USA,,
108,3315484,1,USA,,
109,2172481,12,USA,,
110,4373920,1,Canada,,
111,1573037,1,Bangladesh,,
112,3733313,1,Sweden,,
113,4669199,14,USA,,
114,3506029,1,Spain,,
115,3122792,1,Canada,,
116,4099927,1,France,,
117,4140026,1,Canada,,
118,2800232,3,Singapore,,
119,3594037,1,Taiwan,,
120,4237383,2,Argentina,,
121,2954026,1,USA,,
122,3734285,2,Peru,,
123,3860233,1,England,,
124,3328328,1,USA,,
125,4754467,1,Spain,,
126,1716844,1,American Samoa,,
127,4979423,1,USA,,
128,1483865,1,Australia,,
129,1881016,1,Netherlands,,
130,3082884,1,USA,,
131,2782011,7,Mexico,Couple,25-30
132,2594181,1,Canada,,
133,2024123,1,USA,,
134,4863316,1,Croatia,,
135,3876150,2,Germany,,
136,4292244,5,England,Male,25-30
137,3319407,2,Australia,,
138,2634274,1,USA,,
139,4564123,1,USA,,
140,4501636,5,USA,SOLO,THIRTYONETOFOURTY
141,4995420,1,Australia,,
142,4268821,1,England,,
143,3902182,2,Australia,,
144,2704501,2,USA,,
145,2983676,1,Colombia,,
146,4074739,1,England,,
147,3406838,8,Hong Kong,Female,31-40
148,3969386,1,Italy,,
149,4745797,1,Germany,Couple,25-30
150,1609858,1,USA,,
151,4421760,1,England,,
152,4225156,1,Spain,Female,18-24
153,3155276,1,Netherlands,,
154,1004454,1,Canada,,
155,3756291,1,Poland,,
156,4541662,1,USA,,
157,4823109,2,Malaysia,Male,31-40
158,4870404,1,USA,,
159,1247650,6,England,,
160,4054159,1,USA,,
161,4856666,1,Australia,,
162,2964488,2,USA,,
163,2863079,1,Taiwan,,
164,2520147,1,Australia,,
165,2871912,3,Canada,,
166,1763758,2,Ireland,,
167,2750584,1,Brazil,,
168,3112654,1,England,,
169,2800423,1,France,,
170,4448488,1,Australia,,
171,2866615,3,Hong Kong,Female,25-30
172,1516754,1,England,,
173,1492648,2,USA,SOLO,FOURTYONEPLUS
174,2775674,2,Germany,,
175,1648314,1,USA,,
176,2208939,1,Canada,,
177,1596679,1,Australia,,
178,4283001,12,Italy,Male,25-30
179,2248051,1,England,,
180,2008180,1,USA,,
181,2529278,4,Finland,,
182,2908752,1,Poland,,
183,2383637,1,Chile,,
184,4055366,1,Ireland,,
185,2936193,1,Taiwan,,
186,2671188,2,Canada,Couple,25-30
187,3771679,1,USA,,
188,2999088,6,Canada,,
189,1600202,2,New Zealand,,
190,3718769,4,Germany,Mixed Group,18-24
191,4032426,1,Australia,,
192,4150341,1,England,,
193,2980787,2,South Africa,,
194,4066204,3,Brazil,,
195,4251369,1,USA,,
196,1188816,1,Germany,,
197,4042893,1,Norway,,
198,2237574,1,USA,,
199,2169854,1,Mexico,,
200,3931954,1,Malaysia,,
201,2912458,2,Finland,,
202,4978960,4,Canada,,
203,1651754,1,Italy,,
204,4749460,1,USA,,
205,3973186,2,France,,
206,1019095,1,Canada,,
207,4326232,1,Canada,,
208,2266676,1,USA,,
209,4032709,2,Spain,,
210,4723940,1,USA,,
211,2939856,6,USA,,
212,3949794,2,Australia,,
213,1440919,1,USA,,
214,3486844,1,USA,,
215,2802563,1,USA,,
216,3356609,2,Germany,Female,31-40
217,1570327,2,Spain,,
218,3142135,1,Wales,,
219,2641109,1,England,,
220,3874508,1,Iraq,,
221,4564542,6,Australia,Mixed Group,25-30
222,2898520,1,Hungary,,
223,2441392,1,Italy,,
224,4605168,1,Norway,,
225,1460017,1,Chile,,
226,2122522,1,France,,
227,2099132,1,Ireland,,
228,2803944,1,England,,
229,2395029,2,USA,,
230,4497434,1,USA,,
231,4004817,1,Hong Kong,,
232,2173814,1,Australia,,
233,3992047,2,USA,,
234,2994641,2,USA,,
235,4448688,1,India,,
236,4705856,1,Finland,,
237,3536660,3,Iceland,,
238,4872164,1,England,,
239,3819643,1,USA,,
240,2152328,1,France,Male,31-40
241,1397437,1,USA,,
242,4222767,2,Belgium,INALLFEMALEGROUP,THIRTYONETOFOURTY
243,1285641,1,Australia,Female,25-30
244,4034705,1,England,,
245,1678670,1,USA,,
246,4128611,2,Netherlands,,
247,4402931,1,South Korea,,
248,4474538,2,England,,
249,1145678,1,South Africa,,
250,4050308,2,Australia,,
251,4514830,3,Belgium,Female,41+
252,3858293,1,England,,
253,4555927,1,England,,
254,2701462,1,Japan,,
255,3365980,1,USA,,
256,3851597,1,China,,
257,4207197,1,Netherlands,,
258,2469002,1,Italy,,
259,2937612,5,Hong Kong,,
260,4410257,1,USA,,
261,4956003,1,USA,,
262,4063025,2,India,,
263,4987322,1,Germany,,
264,4070646,1,Poland,,
265,3699300,9,Spain,Male,25-30
266,1650130,1,Netherlands,,
267,4106206,9,Lithuania,,
268,3145038,2,Denmark,,
269,3862156,1,England,,
270,3902823,9,Australia,,
271,3743677,1,Sweden,,
272,1146565,1,Germany,,
273,2379872,1,USA,,
274,2315850,3,USA,,
275,1593084,1,Netherlands,,
276,4351006,1,USA,,
277,4841689,2,Italy,,
278,4206544,1,Mexico,,
279,4049397,2,USA,,
280,1500180,1,Australia,,
281,3390296,1,Canada,,
282,3731890,4,USA,,
283,3179488,1,USA,,
284,2467281,2,Australia,,
285,2875493,2,Sweden,,
286,2136853,1,England,,
287,2841539,2,USA,,
288,1193627,2,Netherlands,,
289,3397602,1,Australia,Female,25-30
290,3216454,1,Germany,,
291,3375363,5,Germany,INALLFEMALEGROUP,1
292,2576111,1,Canada,,
293,2211562,2,Germany,Male,41+
294,4578324,1,Ireland,Female,31-40
295,2761613,1,Spain,,
296,2430675,1,Canada,,
297,2084792,1,Canada,,
298,2504398,2,Brazil,,
299,3649773,1,USA,,
300,4722655,2,Czech Republic,,
301,4760096,1,Finland,,
302,1154992,1,Slovenia,,
303,1156696,2,USA,,
304,1486006,1,American Samoa,,
305,3122368,6,Netherlands,,
306,3844064,1,England,,
307,2345416,1,France,,
308,3265621,1,Australia,,
309,3135710,1,Paraguay,,
310,2379402,1,Switzerland,,
311,2559979,1,Ireland,,
312,2083731,1,Vietnam,,
313,4022873,1,England,,
314,1896743,1,USA,,
315,3684507,1,France,,
316,2444638,10,Australia,Male,41+
317,1231624,1,Hong Kong,,
318,1521232,2,France,,
319,4073989,1,Germany,,
320,3508814,1,South Korea,,
321,4984148,9,Hong Kong,,
322,2712154,1,England,,
323,2487586,1,Ireland,,
324,1696890,1,France,,
325,4350529,4,UK,Female,25-30
326,3326590,3,Spain,INACOUPLE,1
327,2964797,2,USA,,
328,1932600,4,Australia,,
329,1735214,1,USA,,
330,4520862,3,Canada,,
331,2890236,4,Australia,,
332,2544190,2,England,,
333,4369699,1,Australia,Female,31-40
334,2349422,7,Australia,Female,41+
335,3194579,1,Germany,,
336,3998917,1,Puerto Rico,,
337,1134916,1,Trinidad And Tobago,,
338,3746486,1,Canada,,
339,4625408,1,Canada,,
340,4927852,5,Hong Kong,,
341,1424242,1,USA,,
342,2246722,3,Australia,,
343,3654099,3,Spain,,
344,2499359,1,USA,,
345,3288634,1,Canada,,
346,1163312,1,Germany,,
347,3451464,4,England,,
348,1459219,1,Germany,Couple,25-30
349,4600639,5,Denmark,Female,41+
350,3427336,2,Germany,Male,31-40
351,2572637,9,Thailand,,
352,2865280,5,Australia,INACOUPLE,TWENTYFIVETOTHIRTY
353,1331211,1,England,,
354,3523061,3,Australia,,
355,4741135,2,France,Male,25-30
356,4946295,1,Ireland,,
357,2760975,1,USA,,
358,4669096,2,Spain,,
359,1774559,3,Spain,,
360,1775359,1,England,,
361,4310561,4,Canada,,
362,3816506,6,USA,,
363,4268087,1,Denmark,,
364,4254050,1,Sweden,,
365,3707856,1,USA,,
366,1715538,1,USA,,
367,3165437,1,USA,,
368,3903308,5,Canada,,
369,1940093,2,Canada,,
370,4604699,1,England,,
371,1828074,1,Denmark,,
372,1705493,1,Canada,,
373,1383965,1,Ireland,,
374,2901596,1,Australia,,
375,4156283,1,USA,,
376,4209429,1,USA,,
377,2900872,1,Germany,,
378,2469946,2,Australia,,
379,3727019,1,Japan,,
380,2789662,1,USA,,
381,4839697,2,Germany,Mixed Group,25-30
382,3053634,2,France,,
383,3665610,1,England,,
384,4899056,1,Indonesia,,
385,1216729,4,Canada,SOLO,THIRTYONETOFOURTY
386,2945452,1,USA,,
387,2387846,1,USA,All Female Group,41+
388,2420514,1,Scotland,,
389,3660422,1,USA,,
390,2596125,11,USA,Female,41+
391,3530596,1,Australia,,
392,4199642,1,Canada,,
393,4351659,2,England,,
394,2300690,1,USA,,
395,4380547,1,Germany,,
396,3602879,1,Czech Republic,,
397,1940096,1,USA,,
398,2208084,1,USA,,
399,1811276,1,Germany,,
400,3801199,1,England,,
401,4470173,1,Mexico,,
402,1817545,3,USA,,
403,2649381,2,USA,,
404,3787038,1,England,Male,25-30
405,4791574,2,England,Male,31-40
406,3869099,4,USA,,
407,3934295,1,Canada,,
408,2893104,1,USA,,
409,1611886,1,Trinidad And Tobago,,
410,3365806,1,France,,
411,2443551,1,Australia,,
412,3559787,1,USA,,
413,4029976,2,USA,,
414,4727476,2,Spain,,
415,1748109,4,Netherlands,Male,41+
416,2332192,1,Australia,,
417,2949269,2,Canada,,
418,3118026,1,USA,,
419,3096453,1,Ireland,,
420,3345176,1,England,,
421,2272950,1,England,,
422,4354341,1,England,,
423,2591047,1,Portugal,Male,25-30
424,3777249,1,USA,,
425,3303171,1,England,,
426,4193029,2,Chile,,
427,4753462,4,Canada,,
428,4233188,1,Netherlands,,
429,2204119,1,Spain,,
430,3765998,1,Northern Ireland,,
431,2384221,1,Canada,,
432,2378241,1,Brazil,,
433,1285791,2,Australia,,
434,2558799,1,Mexico,,
435,3520243,1,USA,,
436,2204119,1,Spain,,
437,3765998,1,Northern Ireland,,
438,2384221,1,Canada,,
439,2378241,1,Brazil,,
440,1285791,2,Australia,,
441,2204119,1,Spain,,
442,3765998,1,Northern Ireland,,
443,2204119,1,Spain,,
444,3765998,1,Northern Ireland,,
445,2384221,1,Canada,,
446,2378241,1,Brazil,,
447,1285791,2,Australia,,
448,2204119,1,Spain,,
449,3765998,1,Northern Ireland,,
450,2384221,1,Canada,,
451,2378241,1,Brazil,,
452,1285791,2,Australia,,
453,2558799,1,Mexico,,
454,3520243,1,USA,,
455,2269986,4,Australia,,
456,3957127,1,Hungary,,
457,1622232,1,Ireland,,
458,3124923,1,USA,,
459,4320459,1,Denmark,,
460,3864486,3,Canada,,
461,4961471,1,USA,,
462,1527171,1,Australia,,
463,4538633,1,Scotland,,
464,1189474,2,England,,
465,2204119,1,Spain,,
466,3765998,1,Northern Ireland,,
467,2384221,1,Canada,,
468,2378241,1,Brazil,,
469,1285791,2,Australia,,
470,2558799,1,Mexico,,
471,3520243,1,USA,,
472,2269986,4,Australia,,
473,3957127,1,Hungary,,
474,2204119,1,Spain,,
475,3765998,1,Northern Ireland,,
476,2384221,1,Canada,,
477,2378241,1,Brazil,,
478,1285791,2,Australia,,
479,2558799,1,Mexico,,
480,3520243,1,USA,,
481,2204119,1,Spain,,
482,3765998,1,Northern Ireland,,
483,2384221,1,Canada,,
484,2378241,1,Brazil,,
485,1285791,2,Australia,,
486,2558799,1,Mexico,,
487,3520243,1,USA,,
488,2269986,4,Australia,,
489,3957127,1,Hungary,,
490,1622232,1,Ireland,,
491,3124923,1,USA,,
492,4320459,1,Denmark,,
493,3864486,3,Canada,,
494,4961471,1,USA,,
495,1527171,1,Australia,,
496,4538633,1,Scotland,,
497,1189474,2,England,,
498,1595059,2,Hong Kong,,
499,3637809,1,Australia,Male,31-40
500,3835945,1,England,,
501,1742493,1,USA,,
502,3461306,3,Canada,,
503,3656651,1,England,,
504,3298399,4,Wales,Male,41+
505,4689406,1,Spain,,
506,2654918,14,Australia,,
507,1892703,2,Malta,Male,25-30
508,3986679,1,USA,Female,25-30
509,2899312,1,Brunei,,
510,4451133,2,Spain,Mixed Group,31-40
511,4995137,1,USA,,
512,2702720,1,France,,
513,2355196,4,USA,Male,25-30
514,4579770,3,Netherlands,Male,41+
515,1721868,1,Canada,,
516,1709669,1,USA,,
517,2369857,1,Italy,,
518,2857241,1,Canada,,
519,3395644,1,USA,,
520,2945376,1,France,,
521,1097162,2,New Zealand,,
522,4831612,3,Australia,Female,25-30
523,2746226,1,Italy,,
524,3784926,2,Greece,Male,25-30
525,4572822,1,USA,,
526,3311845,1,USA,,
527,3213069,2,England,,
528,3630431,12,Ireland,,
529,1755206,1,Malaysia,,
530,2841815,1,England,,
531,4929738,1,Japan,,
532,3151081,2,USA,,
533,3243188,2,Germany,Mixed Group,31-40
534,1102111,1,USA,,
535,3005780,1,USA,,
536,2124926,2,Spain,Male,31-40
537,3238316,1,USA,,
538,3334761,1,Germany,SOLO,THIRTYONETOFOURTY
539,4693321,5,Hong Kong,Male,31-40
540,4879785,3,Hong Kong,,
541,3883738,1,New Zealand,,
542,2333488,2,Australia,,
543,4810042,1,Norway,,
544,1751982,1,USA,,
545,2566174,2,Uruguay,Female,41+
546,2084775,3,Australia,,
547,3014067,1,USA,,
548,3418075,1,South Korea,,
549,2841635,2,England,Female,25-30
550,4467230,1,Germany,,
551,3799989,8,England,Couple,31-40
552,4586787,1,USA,,
553,1593217,1,Hong Kong,,
554,2540933,1,Ireland,,
555,3226370,1,England,Male,25-30
556,2962957,19,Malaysia,Couple,31-40
557,4309662,3,Ukraine,,
558,2872997,1,USA,,
559,4725965,2,Spain,,
560,2962638,1,USA,,
561,1088065,1,USA,,
562,2421354,1,France,,
563,4366838,1,USA,,
564,2240289,2,England,Female,25-30
565,2682811,1,USA,,
566,1379541,6,Australia,,
567,1986006,1,USA,,
568,3085189,1,USA,,
569,4031166,2,Australia,,
570,2869049,1,China,,
571,2784672,2,USA,,
572,4302989,3,USA,,
573,4847639,1,Denmark,,
574,3887412,1,Ireland,,
575,3156004,1,England,,
576,1658982,1,Germany,,
577,3658063,1,Australia,Female,25-30
578,4498926,1,USA,,
579,2095695,1,Canada,,
580,3352179,2,Australia,,
581,4162075,1,Netherlands,,
582,2994378,3,England,Male,31-40
583,4736261,1,Portugal,,
584,1465559,1,Australia,,
585,3378079,1,USA,Female,25-30
586,2755253,1,Czech Republic,,
587,4392719,1,New Zealand,,
588,2794559,1,USA,,
589,3315484,1,USA,,
590,2172481,12,USA,,
591,4373920,1,Canada,,
592,1573037,1,Bangladesh,,
593,3733313,1,Sweden,,
594,4669199,14,USA,,
595,3506029,1,Spain,,
596,3122792,1,Canada,,
597,4099927,1,France,,
598,4140026,1,Canada,,
599,2800232,3,Singapore,,
600,3594037,1,Taiwan,,
601,4237383,2,Argentina,,
602,2954026,1,USA,,
603,3734285,2,Peru,,
604,3860233,1,England,,
605,3328328,1,USA,,
606,4754467,1,Spain,,
607,1716844,1,American Samoa,,
608,4979423,1,USA,,
609,1483865,1,Australia,,
610,1881016,1,Netherlands,,
611,3082884,1,USA,,
612,2782011,7,Mexico,Couple,25-30
613,2594181,1,Canada,,
614,2024123,1,USA,,
615,4863316,1,Croatia,,
616,3876150,2,Germany,,
617,4292244,5,England,Male,25-30
618,3319407,2,Australia,,
619,2634274,1,USA,,
620,4564123,1,USA,,
621,4501636,5,USA,SOLO,THIRTYONETOFOURTY
622,4995420,1,Australia,,
623,4268821,1,England,,
624,3902182,2,Australia,,
625,2704501,2,USA,,
626,2983676,1,Colombia,,
627,4074739,1,England,,
628,3406838,8,Hong Kong,Female,31-40
629,3969386,1,Italy,,
630,4745797,1,Germany,Couple,25-30
631,1609858,1,USA,,
632,4421760,1,England,,
633,4225156,1,Spain,Female,18-24
634,3155276,1,Netherlands,,
635,1004454,1,Canada,,
636,3756291,1,Poland,,
637,4541662,1,USA,,
638,4823109,2,Malaysia,Male,31-40
639,4870404,1,USA,,
640,1247650,6,England,,
641,4054159,1,USA,,
642,4856666,1,Australia,,
643,2964488,2,USA,,
644,2863079,1,Taiwan,,
645,2520147,1,Australia,,
646,2871912,3,Canada,,
647,1763758,2,Ireland,,
648,2750584,1,Brazil,,
649,3112654,1,England,,
650,2800423,1,France,,
651,4448488,1,Australia,,
652,2866615,3,Hong Kong,Female,25-30
653,1516754,1,England,,
654,1492648,2,USA,SOLO,FOURTYONEPLUS
655,2775674,2,Germany,,
656,1648314,1,USA,,
657,2208939,1,Canada,,
658,1596679,1,Australia,,
659,4283001,12,Italy,Male,25-30
660,2248051,1,England,,
661,2008180,1,USA,,
662,2529278,4,Finland,,
663,2908752,1,Poland,,
664,2383637,1,Chile,,
665,4055366,1,Ireland,,
666,2936193,1,Taiwan,,
667,2671188,2,Canada,Couple,25-30
668,3771679,1,USA,,
669,2999088,6,Canada,,
670,1600202,2,New Zealand,,
671,3718769,4,Germany,Mixed Group,18-24
672,4032426,1,Australia,,
673,4150341,1,England,,
674,2980787,2,South Africa,,
675,4066204,3,Brazil,,
676,4251369,1,USA,,
677,1188816,1,Germany,,
678,4042893,1,Norway,,
679,2237574,1,USA,,
680,2169854,1,Mexico,,
681,3931954,1,Malaysia,,
682,2912458,2,Finland,,
683,4978960,4,Canada,,
684,1651754,1,Italy,,
685,4749460,1,USA,,
686,3973186,2,France,,
687,1019095,1,Canada,,
688,4326232,1,Canada,,
689,2266676,1,USA,,
690,4032709,2,Spain,,
691,4723940,1,USA,,
692,2939856,6,USA,,
693,3949794,2,Australia,,
694,1440919,1,USA,,
695,3486844,1,USA,,
696,2802563,1,USA,,
697,3356609,2,Germany,Female,31-40
698,1570327,2,Spain,,
699,3142135,1,Wales,,
700,2641109,1,England,,
701,3874508,1,Iraq,,
702,4564542,6,Australia,Mixed Group,25-30
703,2898520,1,Hungary,,
704,2441392,1,Italy,,
705,4605168,1,Norway,,
706,1460017,1,Chile,,
707,2122522,1,France,,
708,2099132,1,Ireland,,
709,2803944,1,England,,
710,2395029,2,USA,,
711,4497434,1,USA,,
712,4004817,1,Hong Kong,,
713,2173814,1,Australia,,
714,3992047,2,USA,,
715,2994641,2,USA,,
716,4448688,1,India,,
717,4705856,1,Finland,,
718,3536660,3,Iceland,,
719,4872164,1,England,,
720,3819643,1,USA,,
721,2152328,1,France,Male,31-40
722,1397437,1,USA,,
723,4222767,2,Belgium,INALLFEMALEGROUP,THIRTYONETOFOURTY
724,1285641,1,Australia,Female,25-30
725,4034705,1,England,,
726,1678670,1,USA,,
727,4128611,2,Netherlands,,
728,4402931,1,South Korea,,
729,4474538,2,England,,
730,1145678,1,South Africa,,
731,4050308,2,Australia,,
732,4514830,3,Belgium,Female,41+
733,3858293,1,England,,
734,4555927,1,England,,
735,2701462,1,Japan,,
736,3365980,1,USA,,
737,3851597,1,China,,
738,4207197,1,Netherlands,,
739,2469002,1,Italy,,
740,2937612,5,Hong Kong,,
741,4410257,1,USA,,
742,4956003,1,USA,,
743,4063025,2,India,,
744,4987322,1,Germany,,
745,4070646,1,Poland,,
746,3699300,9,Spain,Male,25-30
747,1650130,1,Netherlands,,
748,4106206,9,Lithuania,,
749,3145038,2,Denmark,,
750,3862156,1,England,,
751,3902823,9,Australia,,
752,3743677,1,Sweden,,
753,1146565,1,Germany,,
754,2379872,1,USA,,
755,2315850,3,USA,,
756,1593084,1,Netherlands,,
757,4351006,1,USA,,
758,4841689,2,Italy,,
759,4206544,1,Mexico,,
760,4049397,2,USA,,
761,1500180,1,Australia,,
762,3390296,1,Canada,,
763,3731890,4,USA,,
764,3179488,1,USA,,
765,2467281,2,Australia,,
766,2875493,2,Sweden,,
767,2136853,1,England,,
768,2841539,2,USA,,
769,1193627,2,Netherlands,,
770,3397602,1,Australia,Female,25-30
771,3216454,1,Germany,,
772,3375363,5,Germany,INALLFEMALEGROUP,1
773,2576111,1,Canada,,
774,2211562,2,Germany,Male,41+
775,4578324,1,Ireland,Female,31-40
776,2761613,1,Spain,,
777,2430675,1,Canada,,
778,2084792,1,Canada,,
779,2504398,2,Brazil,,
780,3649773,1,USA,,
781,4722655,2,Czech Republic,,
782,4760096,1,Finland,,
783,1154992,1,Slovenia,,
784,1156696,2,USA,,
785,1486006,1,American Samoa,,
786,3122368,6,Netherlands,,
787,3844064,1,England,,
788,2345416,1,France,,
789,3265621,1,Australia,,
790,3135710,1,Paraguay,,
791,2379402,1,Switzerland,,
792,2559979,1,Ireland,,
793,2083731,1,Vietnam,,
794,4022873,1,England,,
795,1896743,1,USA,,
796,3684507,1,France,,
797,2444638,10,Australia,Male,41+
798,1231624,1,Hong Kong,,
799,1521232,2,France,,
800,4073989,1,Germany,,
801,3508814,1,South Korea,,
802,4984148,9,Hong Kong,,
803,2712154,1,England,,
804,2487586,1,Ireland,,
805,1696890,1,France,,
806,4350529,4,UK,Female,25-30
807,3326590,3,Spain,INACOUPLE,1
808,2964797,2,USA,,
809,1932600,4,Australia,,
810,1735214,1,USA,,
811,4520862,3,Canada,,
812,2890236,4,Australia,,
813,2544190,2,England,,
814,4369699,1,Australia,Female,31-40
815,2349422,7,Australia,Female,41+
816,3194579,1,Germany,,
817,3998917,1,Puerto Rico,,
818,1134916,1,Trinidad And Tobago,,
819,3746486,1,Canada,,
820,4625408,1,Canada,,
821,4927852,5,Hong Kong,,
822,1424242,1,USA,,
823,2246722,3,Australia,,
824,3654099,3,Spain,,
825,2499359,1,USA,,
826,3288634,1,Canada,,
827,1163312,1,Germany,,
828,3451464,4,England,,
829,1459219,1,Germany,Couple,25-30
830,4600639,5,Denmark,Female,41+
831,3427336,2,Germany,Male,31-40
832,2572637,9,Thailand,,
833,2865280,5,Australia,INACOUPLE,TWENTYFIVETOTHIRTY
834,1331211,1,England,,
835,3523061,3,Australia,,
836,4741135,2,France,Male,25-30
837,4946295,1,Ireland,,
838,2760975,1,USA,,
839,4669096,2,Spain,,
840,1774559,3,Spain,,
841,1775359,1,England,,
842,4310561,4,Canada,,
843,3816506,6,USA,,
844,4268087,1,Denmark,,
845,4254050,1,Sweden,,
846,3707856,1,USA,,
847,1715538,1,USA,,
848,3165437,1,USA,,
849,3903308,5,Canada,,
850,1940093,2,Canada,,
851,4604699,1,England,,
852,1828074,1,Denmark,,
853,1705493,1,Canada,,
854,1383965,1,Ireland,,
855,2901596,1,Australia,,
856,4156283,1,USA,,
857,4209429,1,USA,,
858,2900872,1,Germany,,
859,2469946,2,Australia,,
860,3727019,1,Japan,,
861,2789662,1,USA,,
862,4839697,2,Germany,Mixed Group,25-30
863,3053634,2,France,,
864,3665610,1,England,,
865,4899056,1,Indonesia,,
866,1216729,4,Canada,SOLO,THIRTYONETOFOURTY
867,2945452,1,USA,,
868,2387846,1,USA,All Female Group,41+
869,2420514,1,Scotland,,
870,3660422,1,USA,,
871,2596125,11,USA,Female,41+
872,3530596,1,Australia,,
873,4199642,1,Canada,,
874,4351659,2,England,,
875,2300690,1,USA,,
876,4380547,1,Germany,,
877,3602879,1,Czech Republic,,
878,1940096,1,USA,,
879,2208084,1,USA,,
880,1811276,1,Germany,,
881,3801199,1,England,,
882,4470173,1,Mexico,,
883,1817545,3,USA,,
884,2649381,2,USA,,
885,3787038,1,England,Male,25-30
886,4791574,2,England,Male,31-40
887,3869099,4,USA,,
888,3934295,1,Canada,,
889,2893104,1,USA,,
890,1611886,1,Trinidad And Tobago,,
891,3365806,1,France,,
892,2443551,1,Australia,,
893,3559787,1,USA,,
894,4029976,2,USA,,
895,4727476,2,Spain,,
896,1748109,4,Netherlands,Male,41+
897,2332192,1,Australia,,
898,2949269,2,Canada,,
899,3118026,1,USA,,
900,3096453,1,Ireland,,
901,3345176,1,England,,
902,2272950,1,England,,
903,4354341,1,England,,
904,2591047,1,Portugal,Male,25-30
905,3777249,1,USA,,
906,3303171,1,England,,
907,4193029,2,Chile,,
908,4753462,4,Canada,,
909,4233188,1,Netherlands,,
910,3186477,1,France,,
911,3491389,1,Colombia,,
912,1639979,1,Canada,,
913,4483573,2,Scotland,Couple,25-30
914,3209753,1,Spain,,
915,4015029,1,Hong Kong,,
916,3228058,1,Botswana,,
917,4461966,4,Canada,,
918,1647110,1,England,,
919,3398897,1,Ireland,,
920,4197582,3,USA,,
921,4825929,3,Sweden,Male,25-30
922,1551408,1,Australia,,
923,3151225,1,USA,,
924,3834440,2,England,,
925,3131149,1,USA,,
926,2267247,2,USA,Couple,31-40
927,3610853,1,Australia,,
928,3406509,1,Bulgaria,,
929,2399934,1,Italy,,
930,1552884,1,Germany,,
931,2529772,1,Malaysia,,
932,2581122,1,Luxembourg,,
933,4803093,1,England,,
934,4927768,2,Ireland,,
935,1468458,5,USA,,
936,4959527,1,Belgium,,
937,4981151,1,Australia,,
938,3835457,4,Canada,Female,41+
939,2822164,3,USA,,
940,2094496,1,USA,,
941,2348530,1,Germany,,
942,2204256,1,USA,,
943,1938879,2,Dominican Republic,INMIXEDGROUP,TWENTYFIVETOTHIRTY
944,4177739,1,Brazil,,
945,3027067,1,England,,
946,2620851,1,Germany,,
947,4479993,1,Latvia,,
948,1862969,1,Czech Republic,,
949,1458183,1,USA,,
950,1471378,1,Puerto Rico,,
951,3814482,1,Spain,Female,25-30
952,4019165,2,USA,,
953,4783149,6,Italy,All Female Group,31-40
954,1775979,1,Australia,,
955,2229195,1,Scotland,,
956,3850011,1,Switzerland,,
957,2029739,1,Australia,,
958,2642622,1,New Zealand,,
959,2958359,2,Austria,,
960,4512077,9,Germany,Male,25-30
961,3122302,1,Spain,,
962,3992213,1,China,,
963,3305600,1,Italy,,
964,4163778,1,England,,
965,4846612,5,USA,,
966,3922304,1,China,,
967,2504052,2,Brazil,,
968,4681235,2,Romania,,
969,4074332,2,USA,,
970,4213976,4,England,Male,18-24
971,4599417,1,England,,
972,4463148,1,England,,
973,1970884,1,Canada,,
974,1325144,1,USA,,
975,2879000,1,USA,,
976,2923325,1,Germany,,
977,3196891,1,Scotland,,
978,3195350,1,USA,,
979,4551622,2,Germany,Male,31-40
980,4410528,1,England,,
981,1169276,2,Australia,,
982,3549829,1,Australia,,
983,1753930,5,USA,,
984,4650213,2,USA,,
985,3191638,2,Bulgaria,,
986,1544200,1,USA,,
987,4876158,1,Hong Kong,,
988,4446279,1,France,,
989,4237141,4,USA,,
990,3167614,1,Colombia,Male,31-40
991,4163823,3,England,,
992,2799092,2,Australia,,
993,4579279,2,New Zealand,,
994,3448701,1,Australia,,
995,4069013,1,Austria,,
996,3684497,3,USA,,
997,1809879,1,Poland,,
998,2371644,1,Canada,,
999,1795480,1,China,,
1000,2970874,1,Colombia,,
1001,4783610,1,Hungary,,
1002,4715390,3,Ireland,All Female Group,25-30
1003,3656538,4,USA,,
1004,4453088,7,USA,,
1005,3925582,1,Brazil,,
1006,4817968,1,China,,
1007,2162069,3,Australia,Female,25-30
1008,2953519,3,USA,,
1009,3590948,1,USA,,
1010,3170961,1,Netherlands,,
1011,1554166,1,France,,
1012,2062866,20,England,Male,31-40
1013,3277333,3,Canada,,
1014,2455032,1,USA,,
1015,3527753,1,Canada,Male,25-30
1016,2724609,2,Canada,,
1017,3807667,1,Netherlands,,
1018,2870189,1,Taiwan,,
1019,3422521,1,Germany,,
1020,4444601,1,Finland,,
1021,2324147,9,England,,
1022,2249400,4,Canada,,
1023,4800600,2,Ireland,,
1024,3286016,1,New Zealand,,
1025,4294417,2,USA,,
1026,4323830,1,Ireland,,
1027,2421477,3,USA,,
1028,2178588,2,USA,,
1029,1618682,1,Australia,,
1030,2502977,1,Portugal,,
1031,4885731,1,Canada,Female,31-40
1032,1161695,5,Australia,,
1033,4037700,1,France,,
1034,1547003,1,USA,,
1035,4151992,2,England,,
1036,2605675,1,USA,,
1037,3514803,18,Canada,,
1038,1507461,1,England,,
1039,4206110,1,Bosnia And Herzegovina,,
1040,4658710,2,France,,
1041,4779611,1,Spain,,
1042,2867470,1,Netherlands,,
1043,4293505,5,Brazil,Male,31-40
1044,1934261,1,England,,
1045,2731499,1,England,,
1046,2160283,1,Spain,,
1047,3985072,39,Canada,Female,25-30
1048,4010532,31,Australia,,
1049,4483047,6,Brazil,Male,31-40
1050,3780089,1,Chile,,
1051,2556187,1,USA,,
1052,3857799,2,Netherlands,Male,31-40
1053,3979652,1,USA,Female,25-30
1054,2038915,1,England,,
1055,2523909,1,Bangladesh,,
1056,1492425,1,New Zealand,,
1057,2613600,1,Netherlands,,
1058,4662971,2,USA,,
1059,2738549,5,Australia,,
1060,2352981,1,Spain,,
1061,1379977,1,Sweden,,
1062,3915911,9,New Zealand,,
1063,3110554,1,Czech Republic,,
1064,3690325,2,France,,
1065,4661260,1,Germany,,
1066,4573731,6,USA,,
1067,4227525,1,England,Couple,25-30
1068,1445482,1,Estonia,,
1069,2326591,1,Germany,,
1070,3457042,4,Australia,,
1071,3567196,1,USA,,
1072,2009748,1,Netherlands,,
1073,4134109,1,USA,Male,25-30
1074,4517332,8,Netherlands,Couple,25-30
1075,2627312,1,Denmark,,
1076,1826129,1,China,,
1077,4108609,1,USA,,
1078,3526935,1,USA,,
1079,1690876,1,Ireland,,
1080,1946609,1,England,,
1081,2871298,1,USA,,
1082,4978622,1,USA,,
1083,3915425,2,Argentina,SOLO,THIRTYONETOFOURTY
1084,1178702,1,Scotland,,
1085,3584124,2,USA,,
1086,2161903,2,USA,,
1087,2270678,2,Switzerland,,
1088,3447616,1,Australia,,
1089,2475761,3,Australia,,
1090,2413073,3,Australia,,
1091,4221395,1,Ireland,,
1092,1107952,1,France,,
1093,4719502,1,Brazil,,
1094,4523271,2,England,,
1095,1539531,1,England,,
1096,4859029,1,Ireland,,
1097,3921206,1,Italy,,
1098,2037279,1,USA,,
1099,3165759,1,Canada,,
1100,4504074,6,China,,
1101,4180300,1,Australia,,
1102,2998976,1,USA,,
1103,3229949,1,Italy,,
1104,2785801,1,USA,,
1105,2981451,1,England,,
1106,3206553,1,Netherlands,,
1107,3994545,1,Denmark,,
1108,3815021,1,Singapore,,
1109,4830660,1,Canada,,
1110,4250001,3,Spain,Male,25-30
1111,1641906,1,Italy,,
1112,2244024,1,USA,,
1113,1630484,1,England,,
1114,2585234,1,Germany,,
1115,4942449,7,Germany,,
1116,4886308,1,Australia,Male,25-30
1117,1312827,1,South Korea,,
1118,3921569,1,USA,,
1119,1882492,2,USA,,
1120,4202239,3,USA,Couple,25-30
1121,3284599,1,Ireland,,
1122,4044365,1,Czech Republic,,
1123,4302057,2,Philippines,,
1124,1622096,1,England,,
1125,1450321,1,England,,
1126,4905486,9,USA,,
1127,4026399,1,Northern Ireland,,
1128,1547813,2,USA,,
1129,3916270,22,New Zealand,,
1130,2964597,1,Canada,,
1131,4049046,1,England,Couple,25-30
1132,4309456,1,Colombia,,
1133,4073009,1,England,,
1134,1953155,1,USA,,
1135,4170643,2,France,Couple,25-30
1136,4586111,1,France,,
1137,4702525,3,USA,,
1138,1726677,1,Northern Ireland,,
1139,3367914,1,USA,,
1140,4762728,1,USA,,
1141,2108367,2,USA,,
1142,2474659,24,Sweden,,
1143,4203724,1,Finland,,
1144,2340189,1,Argentina,,
1145,4217566,1,USA,,
1146,2976480,1,Hong Kong,,
1147,2399956,1,Italy,,
1148,1172857,2,USA,,
1149,3823044,1,Argentina,,
1150,3217585,1,USA,,
1151,3674414,1,Canada,,
1152,1547723,4,USA,,
1153,3088758,1,Italy,,
1154,2453641,2,Australia,,
1155,2453837,1,USA,,
1156,4413165,1,England,,
1157,1693807,1,USA,,
1158,1472126,1,Turkey,,
1159,4820762,1,Germany,,
1160,1888769,2,Turkey,,
1161,3576814,1,Japan,,
1162,4074899,2,Poland,,
1163,4840503,3,Norway,,
1164,2639161,1,Japan,,
1165,1156411,1,USA,,
1166,4058357,1,England,,
1167,1184116,2,USA,,
1168,4793420,1,Germany,,
1169,4954732,1,Germany,Male,25-30
1170,4946679,1,Denmark,,
1171,4955066,1,Australia,,
1172,3119480,1,India,,
1173,3957235,2,Ireland,,
1174,1039363,1,Canada,,
1175,3007652,1,USA,,
1176,4497712,1,USA,,
1177,3717371,1,Portugal,Mixed Group,31-40
1178,4204147,3,England,,
1179,4187538,2,Ireland,,
1180,4736866,2,Spain,Mixed Group,31-40
1181,4471112,2,Brazil,,
1182,2441099,1,Australia,,
1183,4846790,1,Brazil,Female,31-40
1184,3764911,1,Slovakia,Female,31-40
1185,2878517,1,Spain,,
1186,4337532,1,Germany,,
1187,4593568,1,Hong Kong,,
1188,1209905,1,USA,,
1189,2770177,2,Germany,,
1190,4579374,1,Italy,,
1191,1311083,1,France,,
1192,3776565,1,Germany,,
1193,3322490,1,USA,,
1194,3729926,1,USA,,
1195,2868911,3,USA,,
1196,2168124,1,Australia,,
1197,1713296,2,New Zealand,,
1198,4891826,1,Sweden,,
1199,3274218,7,Germany,Male,41+
1200,4850159,1,France,,
1201,3191033,1,Australia,,
1202,2897721,1,England,,
1203,2518434,1,Australia,,
1204,1373671,5,Poland,Couple,25-30
1205,2102052,1,Australia,,
1206,2011934,1,Wales,,
1207,2970180,2,Spain,,
1208,3665051,2,Italy,,
1209,4982840,6,Australia,,
1210,2332001,5,Australia,Couple,25-30
1211,4844119,1,Germany,,
1212,1499204,1,USA,,
1213,4404958,2,USA,Male,25-30
1214,4616557,1,England,,
1215,1893194,2,Canada,,
1216,1594009,2,USA,,
1217,3655563,1,Austria,,
1218,1243787,2,Finland,,
1219,4214390,1,Ireland,,
1220,3487442,1,USA,,
1221,2575440,2,Netherlands,Male,18-24
1222,2145761,1,England,,
1223,1742138,1,Australia,,
1224,4722307,4,Mexico,,
1225,3890880,2,Canada,,
1226,4705848,1,Italy,,
1227,2546773,1,Ireland,,
1228,3805932,1,USA,,
1229,4672056,1,Spain,,
1230,3211519,1,New Zealand,,
1231,3674592,1,England,,
1232,3611803,2,England,,
1233,1669665,1,Canada,,
1234,4069884,1,South Africa,,
1235,1562825,1,Australia,,
1236,2763500,1,Italy,,
1237,4181780,1,Sweden,,
1238,4943888,3,Norway,Male,41+
1239,1926782,1,USA,,
1240,4393970,7,Spain,Male,25-30
1241,2767625,1,Greece,,
1242,4146571,1,England,,
1243,1381974,1,Ireland,,
1244,3328068,1,Northern Ireland,,
1245,3539430,2,USA,,
1246,4177866,3,USA,,
1247,3597559,1,England,All Female Group,25-30
1248,4150307,2,New Zealand,,
1249,2748978,1,USA,,
1250,4484617,2,Mexico,Couple,25-30
1251,2350445,2,Spain,,
1252,3957463,1,Germany,Couple,25-30
1253,2095546,1,Australia,,
1254,1118749,2,Brazil,Male,31-40
1255,3243499,1,Spain,All Female Group,25-30
1256,3989548,1,Ireland,,
1257,4815772,1,Spain,,
1258,3217020,1,Argentina,,
1259,1473735,1,England,Male,25-30
1260,4033884,2,Australia,,
1261,4330859,3,USA,,
1262,4140646,2,Venezuela,,
1263,2856317,2,USA,,
1264,2466168,1,Germany,,
1265,3821937,2,USA,Couple,25-30
1266,2119921,1,USA,,
1267,4716332,1,Australia,,
1268,1178066,1,Germany,,
1269,3353219,11,England,Female,41+
1270,2550058,1,England,,
1271,1320317,1,USA,,
1272,4669044,3,USA,,
1273,1838321,1,China,,
1274,1542434,1,South Africa,,
1275,2498851,2,Ireland,,
1276,4002223,1,USA,,
1277,1620132,1,USA,,
1278,4958851,4,Italy,Male,31-40
1279,1500019,1,Canada,,
1280,3831505,3,Ireland,,
1281,4292688,1,Canada,,
1282,3265755,1,Netherlands,,
1283,3439017,1,Spain,,
1284,3529712,3,Canada,Male,25-30
1285,2647900,1,England,,
1286,2712271,1,Jordan,,
1287,3637220,8,England,,
1288,1981367,1,Finland,,
1289,3639648,11,Canada,,
1290,4490718,6,Venezuela,Male,31-40
1291,3729504,3,USA,,
1292,3842793,2,Singapore,,
1293,4479142,4,Hungary,Female,31-40
1294,4575841,1,Spain,,
1295,2790323,1,USA,,
1296,4812664,1,Germany,,
1297,2963938,1,Canada,Female,18-24
1298,4023267,1,USA,,
1299,4599364,1,Spain,Female,31-40
1300,1818527,1,Belgium,,
1301,2983846,1,Mexico,Male,31-40
1302,3909142,2,USA,,
1303,1446693,1,Guatemala,,
1304,3722620,1,England,,
1305,2260755,1,Australia,,
1306,2613096,1,England,,
1307,3420771,3,France,,
1308,1046380,1,Canada,,
1309,4548124,11,Scotland,Male,31-40
1310,3866432,1,England,,
1311,4999712,2,USA,,
1312,4513107,6,Russia,,
1313,1850082,4,Germany,,
1314,3712035,1,Australia,,
1315,4131483,1,Australia,,
1316,3512663,1,Indonesia,,
1317,3502523,3,France,Couple,25-30
1318,2823339,1,USA,,
1319,4409179,1,USA,,
1320,3190173,2,Canada,,
1321,4356043,1,Philippines,,
1322,3905800,1,Germany,All Male Group,31-40
1323,4982626,4,Canada,,
1324,3350665,2,USA,,
1325,4251773,1,Canada,,
1326,2694638,3,USA,,
1327,2434383,1,Mexico,,
1328,4238297,1,England,,
1329,3967443,2,Poland,,
1330,4685386,2,Germany,,
1331,2529909,3,England,,
1332,4066898,15,Germany,Female,25-30
1333,2510489,1,USA,,
1334,2638130,1,Japan,,
1335,4838715,1,New Zealand,,
1336,3858301,1,Hong Kong,,
1337,2294084,1,Sweden,,
1338,3573911,1,England,,
1339,4771344,3,Belgium,Female,41+
1340,3182762,2,USA,Couple,25-30
1341,4853728,1,USA,,
1342,2279528,1,USA,,
1343,2351803,2,Australia,Male,31-40
1344,4540125,3,Poland,,
1345,4127663,1,Ireland,,
1346,4014476,1,USA,Female,31-40
1347,3213360,1,Taiwan,Female,31-40
1348,1140121,1,England,,
1349,2162633,1,Australia,,
1350,3469918,1,Spain,,
1351,3082861,1,Australia,,
1352,4502513,2,China,,
1353,1133868,1,Australia,,
1354,2675136,2,Canada,,
1355,2168777,1,Germany,Male,31-40
1356,4712165,3,USA,,
1357,2689960,1,Australia,,
1358,1571076,1,Canada,,
1359,4538041,18,New Zealand,Couple,25-30
1360,3351079,1,England,,
1361,2822804,1,USA,,
1362,4390137,1,England,,
1363,2313407,3,USA,,
1364,3843958,1,Finland,,
1365,4614213,1,Germany,,
1366,3963113,1,Netherlands,,
1367,1809584,1,USA,,
1368,3358722,6,England,,
1369,4896080,1,Peru,,
1370,2446504,2,USA,,
1371,2678816,1,USA,,
1372,2635392,1,USA,,
1373,2946842,1,USA,,
1374,2209423,1,France,,
1375,4927504,7,Australia,Female,25-30
1376,4111896,1,England,,
1377,3885378,1,Singapore,,
1378,1526963,1,Netherlands,,
1379,1755216,1,USA,,
1380,2726804,3,England,,
1381,1348932,3,Australia,,
1382,4878721,1,USA,,
1383,3310751,19,Portugal,Male,41+
1384,4382250,1,India,Female,31-40
1385,1228107,1,USA,,
1386,3586980,1,Australia,,
1387,4480457,1,Czech Republic,Female,25-30
1388,3959231,2,USA,,
1389,1957142,1,USA,,
1390,3812095,3,Germany,Male,25-30
1391,2647733,3,USA,,
1392,2855616,4,USA,,
1393,1955817,1,Scotland,,
1394,2163760,2,France,,
1395,4124192,1,USA,,
1396,2488908,1,China,,
1397,1987174,1,Belgium,,
1398,3433907,1,New Zealand,,
1399,4047799,3,Canada,,
1400,4773232,1,USA,,
1401,4775476,2,Wales,,
1402,1644066,1,USA,,
1403,1146701,1,Malaysia,,
1404,3359626,1,Ireland,,
1405,3670253,1,England,,
1406,3534129,1,USA,,
1407,3089321,1,Canada,,
1408,3639944,1,Spain,,
1409,4230132,3,Spain,,
1410,2907007,1,Romania,,
1411,1675793,1,USA,,
1412,1679331,1,England,,
1413,2091644,2,Ireland,,
1414,4660831,1,Italy,Male,25-30
1415,4681737,1,Canada,,
1416,2017891,1,Spain,,
1417,3993767,1,USA,,
1418,1007654,2,Germany,Mixed Group,41+
1419,4465987,1,Spain,,
1420,2682917,3,China,,
1421,1325204,1,Germany,,
1422,2148274,4,Netherlands,,
1423,3153498,11,USA,Male,41+
1424,2089502,1,USA,,
1425,2822559,1,England,Male,41+
1426,2241023,5,Turkey,Female,31-40
1427,4111654,2,Indonesia,,
1428,3242285,1,USA,,
1429,1905865,1,Canada,,
1430,4077930,1,Mexico,,
1431,2220929,1,Australia,,
1432,3771489,1,Germany,,
1433,4663518,1,USA,,
1434,3059316,12,Vietnam,,
1435,4882391,1,England,,
1436,4063243,8,Brazil,Male,31-40
1437,3966267,4,Argentina,,
1438,3056343,1,Hungary,,
1439,1155588,1,England,,
1440,4934084,6,Mexico,Mixed Group,25-30
1441,3953895,1,England,Mixed Group,18-24
1442,4760182,1,Canada,Female,25-30
1443,1897174,1,Finland,,
1444,4175188,2,Hungary,,
1445,2586778,1,England,,
1446,2067522,1,Argentina,INACOUPLE,FOURTYONEPLUS
1447,4100571,1,Serbia,,
1448,1787274,1,South Africa,,
1449,1563539,1,Ireland,,
1450,4246648,3,England,Female,31-40
1451,2804861,4,Ireland,Female,31-40
1452,2336129,1,Australia,,
1453,2974484,4,Australia,Female,18-24
1454,1978889,1,Scotland,,
1455,2505166,1,Finland,,
1456,4327924,1,Canada,,
1457,1046954,1,Canada,,
1458,2784062,4,Denmark,SOLO,THIRTYONETOFOURTY
1459,4676858,4,France,Male,25-30
1460,2880337,1,Australia,,
1461,2561895,1,England,,
1462,4496007,1,Australia,,
1463,2957813,1,Australia,,
1464,3724342,4,USA,,
1465,3562074,1,USA,,
1466,4371127,1,England,,
1467,1715553,1,Australia,Female,25-30
1468,4953432,9,France,,
1469,4290207,1,Netherlands,,
1470,1565646,1,USA,,
1471,1518968,1,USA,,
1472,1474177,1,Luxembourg,,
1473,4860421,2,USA,Female,25-30
1474,1446663,1,Spain,,
1475,4918128,1,Sweden,,
1476,3348950,2,Australia,,
1477,4746213,3,Belgium,Female,31-40
1478,2614278,1,Switzerland,,
1479,3325515,2,Australia,,
1480,4696469,2,South Korea,,
1481,4184071,1,USA,,
1482,4035882,3,Canada,,
1483,3866225,1,Singapore,,
1484,2825185,1,Mexico,,
1485,3392723,4,Australia,,
1486,3707516,2,Australia,Male,31-40
1487,4966602,2,England,Male,25-30
1488,2736061,1,England,,
1489,1823547,2,Canada,,
1490,2075440,1,Scotland,,
1491,4845684,1,Turkey,,
1492,1035506,1,Portugal,,
1493,1422705,1,Spain,,
1494,1509496,2,England,,
1495,2836460,2,England,,
1496,4725339,1,USA,,
1497,1792356,1,Canada,,
1498,3565666,1,USA,,
1499,4762643,3,Australia,,
1500,4791418,1,Canada,,
1501,3953046,2,Australia,,
1502,3945751,2,Canada,Female,31-40
1503,4344557,3,Poland,,
1504,3837291,1,England,,
1505,2513395,2,USA,,
1506,4419519,1,USA,,
1507,2119909,6,Canada,,
1508,2131417,1,England,,
1509,4006338,1,England,,
1510,4627510,1,Canada,,
1511,1456830,1,Australia,,
1512,4890403,5,Hong Kong,Couple,25-30
1513,3644428,4,Brazil,,
1514,3100681,1,Spain,Male,25-30
1515,3391608,1,Canada,,
1516,2604562,1,Australia,,
1517,3872377,8,Australia,,
1518,1753863,25,Czech Republic,Female,41+
1519,3450612,1,France,,
1520,2966598,4,USA,Female,25-30
1521,3705962,6,England,Male,31-40
1522,2117420,1,England,,
1523,2284657,1,England,,
1524,4079038,2,USA,,
1525,2418026,1,England,,
1526,3636787,1,Slovenia,,
1527,4306470,1,France,Mixed Group,18-24
1528,3881807,1,Netherlands,,
1529,2005336,26,Germany,Couple,31-40
1530,4319334,3,Denmark,Male,41+
1531,2823446,3,USA,,
1532,1604049,1,Spain,,
1533,3407347,1,USA,,
1534,4776553,2,USA,,
1535,2934546,12,USA,,
1536,3360109,2,USA,,
1537,1807895,1,Italy,,
1538,4383023,2,Slovenia,,
1539,4139747,1,Jamaica,,
1540,4411189,1,England,,
1541,3715275,1,Canada,,
1542,2189654,1,England,,
1543,2771417,1,Poland,,
1544,4067850,1,Canada,,
1545,1574961,1,England,,
1546,4555496,2,Finland,Female,25-30
1547,4953522,1,Japan,,
1548,2534285,1,Ireland,,
1549,3729935,1,England,,
1550,4278389,2,Australia,Male,31-40
1551,3543978,1,USA,,
1552,2918666,1,USA,,
1553,4734745,9,England,Female,25-30
1554,1459372,1,New Zealand,,
1555,1943118,2,USA,,
1556,2163421,1,Ireland,,
1557,2544339,1,USA,,
1558,2379587,1,England,,
1559,1609906,1,Germany,,
1560,4372555,1,Ireland,,
1561,2434775,1,Germany,,
1562,4855502,1,Germany,,
1563,1572071,1,England,,
1564,1929214,1,Costa Rica,,
1565,4572756,1,USA,,
1566,4116691,1,Sweden,,
1567,4243355,1,USA,,
1568,2953068,1,England,,
1569,1558159,1,USA,,
1570,2191758,2,Australia,,
1571,1680677,1,Germany,,
1572,4480474,1,Italy,,
1573,4757786,2,Australia,,
1574,1304195,2,Italy,Female,25-30
1575,3366708,2,Canada,,
1576,3856230,1,Belgium,Female,25-30
1577,2872389,2,Canada,,
1578,1700432,1,USA,,
1579,1566774,1,Singapore,,
1580,3844636,1,USA,,
1581,1282485,1,USA,,
1582,3783382,2,England,Female,25-30
1583,4015794,2,USA,,
1584,1480763,1,Italy,,
1585,2719471,1,USA,SOLO,THIRTYONETOFOURTY
1586,3239354,1,Scotland,,
1587,3457844,1,Ireland,,
1588,4153882,1,USA,,
1589,4289575,2,USA,,
1590,2509729,1,USA,,
1591,1327093,1,Scotland,,
1592,4059963,10,Australia,Couple,25-30
1593,2614756,2,Canada,,
1594,2113762,1,England,,
1595,4575539,2,USA,,
1596,3430692,6,England,,
1597,2967709,3,USA,,
1598,1730472,1,USA,,
1599,2230189,1,Italy,Male,25-30
1600,4190874,1,Hong Kong,,
1601,4793519,1,Malaysia,,
1602,4979038,1,Australia,,
1603,1243341,1,Australia,,
1604,3888678,1,Denmark,,
1605,2088763,1,Australia,,
1606,2332337,1,Poland,,
1607,4296306,1,France,,
1608,4851248,2,USA,,
1609,4686047,4,Malaysia,Male,41+
1610,2036718,3,Brazil,Male,18-24
1611,4499328,1,Belgium,,
1612,1615763,1,USA,,
1613,1543052,1,Brazil,,
1614,1521411,1,Canada,,
1615,3338320,2,Denmark,Couple,25-30
1616,3807729,1,Latvia,Male,31-40
1617,2315748,1,England,,
1618,3645392,2,Spain,,
1619,4968814,1,Poland,,
1620,3426969,1,Australia,,
1621,2842072,1,USA,,
1622,2167536,2,Australia,,
1623,3427166,1,Netherlands,Couple,31-40
1624,2160622,1,Spain,All Female Group,31-40
1625,3080798,1,South Africa,,
1626,1558664,2,Australia,,
1627,2288871,1,Austria,,
1628,3966678,1,USA,,
1629,4258285,1,Netherlands,,
1630,4733601,1,Spain,Female,25-30
1631,3141326,2,USA,,
1632,4876480,1,England,,
1633,3690954,2,Austria,,
1634,4878377,1,England,,
1635,4418728,1,Canada,,
1636,3063384,1,Germany,,
1637,4914283,1,Australia,,
1638,2656884,1,Argentina,,
1639,4240533,1,Wales,,
1640,2871606,1,England,,
1641,2785963,8,Canada,,
1642,2315521,1,Malaysia,,
1643,2048570,1,England,,
1644,4666269,1,Estonia,,
1645,3075875,1,USA,,
1646,1820130,2,USA,,
1647,3711692,2,Netherlands,,
1648,3180607,1,Spain,Female,25-30
1649,3018398,1,England,,
1650,3965932,8,Netherlands,Male,31-40
1651,2115402,1,England,,
1652,3212806,4,Australia,,
1653,2090966,1,USA,,
1654,3668300,3,Ireland,Male,31-40
1655,4539143,1,England,,
1656,2368614,3,England,,
1657,3639936,1,Mexico,,
1658,4104663,4,Argentina,Female,41+
1659,3902907,1,Germany,,
1660,4948623,1,USA,,
1661,3007627,1,USA,,
1662,2339480,1,USA,,
1663,4799410,1,Denmark,,
1664,3111472,1,Australia,,
1665,2432852,6,USA,,
1666,4922322,1,Belgium,Male,41+
1667,4310743,1,Chile,,
1668,1381629,5,Germany,Couple,31-40
1669,1859758,1,Canada,,
1670,2359428,1,USA,,
1671,3346277,1,Switzerland,,
1672,4230224,1,New Zealand,,
1673,1491842,7,Spain,Female,41+
1674,4773675,1,South Korea,,
1675,3504879,3,Australia,,
1676,2649420,1,Germany,,
1677,4720285,1,Canada,,
1678,2333125,1,England,,
1679,2865348,1,USA,,
1680,1587063,1,USA,,
1681,4967737,2,France,Female,25-30
1682,1876818,1,Czech Republic,,
1683,3181566,1,Australia,,
1684,3475755,2,Hong Kong,,
1685,3868348,1,Australia,,
1686,4070460,4,USA,,
1687,4525186,1,Malaysia,Female,31-40
1688,3241804,1,Canada,,
1689,3874853,8,USA,,
1690,3540454,2,USA,,
1691,4351929,2,Germany,Female,25-30
1692,4679589,1,Ireland,,
1693,4608707,4,England,,
1694,7879248,1,England,Male,31-40
1695,5470673,1,USA,,
1696,5900437,14,Ireland,Couple,31-40
1697,7150421,4,USA,,
1698,7691107,4,Brazil,Male,18-24
1699,5403509,1,Spain,,
1700,6713356,1,Austria,,
1701,9658124,3,Australia,Female,18-24
1702,9337903,2,Spain,Male,25-30
1703,6957550,1,USA,,
1704,8454772,1,USA,,
1705,5408030,1,USA,,
1706,8691229,1,Netherlands,,
1707,5694374,1,Australia,,
1708,7525488,1,Spain,Female,31-40
1709,6368640,2,Denmark,,
1710,8418877,1,Taiwan,Male,25-30
1711,8186387,1,USA,,
1712,6661889,1,USA,,
1713,7576640,1,England,,
1714,7897436,14,Malaysia,Male,25-30
1715,6546624,1,Australia,,
1716,8052166,1,USA,,
1717,6718180,1,Italy,Female,18-24
1718,5014361,6,China,,
1719,9181200,1,Germany,,
1720,9788648,1,France,,
1721,9817140,1,Australia,Male,25-30
1722,6151498,1,Switzerland,,
1723,7358353,1,England,,
1724,9340623,4,South Korea,,
1725,8463109,1,USA,,
1726,6259660,3,Turkey,Male,31-40
1727,5301441,1,Canada,,
1728,5861245,1,New Zealand,,
1729,8452657,2,USA,,
1730,9698030,1,USA,,
1731,7803305,2,France,Female,25-30
1732,5905735,1,Mexico,,
1733,6054924,5,Brazil,Female,25-30
1734,5935640,1,England,Female,25-30
1735,6895826,1,Belarus,,
1736,8216220,1,England,,
1737,5778221,2,New Zealand,,
1738,5279369,1,USA,,
1739,7859348,1,Austria,,
1740,7455069,1,Vietnam,,
1741,7532261,1,Poland,Male,25-30
1742,6498061,2,Thailand,Male,31-40
1743,8803696,1,Germany,,
1744,6553651,1,USA,,
1745,5679900,1,Italy,,
1746,7037859,1,Canada,,
1747,9664731,3,USA,,
1748,7020618,1,USA,,
1749,8436045,1,Finland,INACOUPLE,EIGHTEENTOTWENTYFOUR
1750,7235418,1,Scotland,,
1751,7765846,1,Canada,Female,25-30
1752,6230634,7,Scotland,Female,25-30
1753,9947954,1,USA,,
1754,7404734,1,South Africa,,
1755,6779768,1,Argentina,,
1756,7900126,2,China,,
1757,5722770,1,Germany,,
1758,9625904,3,USA,,
1759,7631116,1,England,,
1760,9430985,2,Italy,Male,41+
1761,8726312,1,USA,,
1762,8408499,1,Chile,,
1763,6207023,2,Costa Rica,,
1764,9668069,1,Germany,Female,25-30
1765,7173970,1,England,,
1766,5675888,1,USA,,
1767,5980398,1,Spain,,
1768,5258995,2,Italy,,
1769,6539292,2,USA,Male,25-30
1770,6938262,1,England,All Female Group,25-30
1771,6262411,2,Germany,,
1772,5447381,3,England,Male,41+
1773,7652173,1,Italy,,
1774,7471547,1,England,Female,25-30
1775,7580237,1,Czech Republic,Couple,25-30
1776,5424723,1,Austria,,
1777,9728117,12,USA,Male,18-24
1778,9742086,1,France,,
1779,6249586,3,France,Male,31-40
1780,9216981,1,USA,,
1781,9582036,1,Lithuania,,
1782,8181350,4,Australia,,
1783,5209315,1,South Korea,,
1784,9317849,3,Turkey,Male,31-40
1785,6968443,2,Norway,,
1786,9507790,2,Germany,Female,18-24
1787,9511367,1,South Korea,,
1788,6432403,1,Australia,,
1789,9021125,1,Netherlands,Female,18-24
1790,5253090,1,Germany,,
1791,7446056,1,Australia,,
1792,5417466,1,England,,
1793,5582525,1,England,,
1794,7303939,4,Canada,,
1795,5003198,1,Netherlands,,
1796,7229546,7,Poland,,
1797,6803349,1,USA,Female,31-40
1798,8427455,1,Germany,,
1799,8737156,1,Mexico,,
1800,6476613,1,Greece,,
1801,9527100,1,Canada,,
1802,5872754,1,England,,
1803,9739470,1,England,,
1804,6921463,1,Malaysia,,
1805,5358109,1,Australia,,
1806,7016968,1,Portugal,,
1807,8747394,1,England,Female,18-24
1808,9238365,1,Philippines,Female,25-30
1809,9224756,1,England,,
1810,6443797,1,France,,
1811,9207824,1,Israel,,
1812,5456824,2,New Zealand,,
1813,8906685,2,China,Female,25-30
1814,6795916,1,Brazil,,
1815,6081194,1,Brazil,,
1816,9049847,1,Canada,Male,31-40
1817,8429646,8,Canada,,
1818,5932834,1,Denmark,,
1819,8859743,3,Costa Rica,,
1820,7823636,2,Italy,,
1821,7575671,1,China,,
1822,5380250,5,New Zealand,,
1823,9081166,3,Argentina,Female,31-40
1824,9816996,1,Taiwan,,
1825,5022328,1,China,,
1826,7966237,2,Ireland,Couple,25-30
1827,6481942,1,Belgium,All Male Group,25-30
1828,5317518,1,England,,
1829,8424509,1,Germany,,
1830,6165672,1,Brazil,,
1831,6154257,1,Germany,,
1832,5088066,21,USA,Female,25-30
1833,9296342,1,Scotland,,
1834,5364694,1,Sweden,,
1835,7785201,1,Singapore,,
1836,5053905,1,USA,,
1837,5167165,7,Australia,Female,18-24
1838,6095917,10,Switzerland,Male,31-40
1839,7909815,1,USA,,
1840,5993883,1,USA,,
1841,6064972,1,Germany,,
1842,9947687,1,Australia,,
1843,8268633,1,Poland,,
1844,5953766,1,Canada,,
1845,8442485,2,Brazil,Female,25-30
1846,5942655,1,Spain,,
1847,8335627,6,Finland,Female,25-30
1848,9121044,1,Australia,Female,25-30
1849,5530111,1,USA,,
1850,6215382,1,Netherlands,,
1851,5623651,1,Ireland,,
1852,7972524,3,USA,,
1853,9176579,1,Israel,,
1854,6363905,1,England,,
1855,7503565,2,Switzerland,Male,25-30
1856,5399875,6,England,,
1857,6869997,3,USA,,
1858,9755766,1,Switzerland,Male,31-40
1859,5139938,5,USA,Female,41+
1860,6777593,4,Belarus,Female,25-30
1861,8638075,2,New Zealand,Male,25-30
1862,9782125,1,USA,,
1863,9529772,1,Brazil,,
1864,8754527,6,Taiwan,Female,41+
1865,7512848,1,Germany,,
1866,5720279,4,USA,,
1867,5076285,2,Greece,,
1868,9666194,1,England,Female,31-40
1869,6259101,5,Argentina,SOLO,TWENTYFIVETOTHIRTY
1870,9278946,1,Germany,,
1871,8299939,2,Germany,Couple,31-40
1872,6960125,1,USA,,
1873,9562924,1,France,Mixed Group,18-24
1874,6912518,4,Italy,Male,41+
1875,5152470,1,USA,,
1876,9202896,1,USA,,
1877,5719918,1,England,,
1878,9798387,1,USA,,
1879,9269407,15,England,Couple,25-30
1880,7155402,1,Turkey,,
1881,8777869,3,Scotland,Male,25-30
1882,5587668,2,Australia,,
1883,8103435,1,England,,
1884,6085640,1,USA,,
1885,7525635,1,Poland,Female,25-30
1886,9476177,1,France,,
1887,6964818,7,Canada,,
1888,8636830,10,USA,,
1889,5556356,3,England,Male,41+
1890,9366675,1,Russia,,
1891,8848969,7,Chile,Female,18-24
1892,6428785,1,Switzerland,,
1893,5501761,1,Netherlands,,
1894,9604951,1,USA,,
1895,7288941,1,Australia,,
1896,8732751,2,Brazil,Male,25-30
1897,6684976,10,USA,,
1898,7298097,1,Italy,,
1899,5805527,1,Spain,,
1900,9340148,1,India,,
1901,9404141,1,USA,Female,18-24
1902,9277396,2,England,Mixed Group,18-24
1903,8219468,1,England,,
1904,9703705,6,Brazil,Male,31-40
1905,7265874,1,Germany,,
1906,9667736,2,Hong Kong,Female,18-24
1907,7120643,2,Canada,,
1908,6369952,6,Italy,Female,25-30
1909,9908061,5,Italy,Couple,18-24
1910,5644847,3,Canada,,
1911,8806320,11,Spain,Female,31-40
1912,7589700,1,Italy,,
1913,9712970,3,Netherlands,Female,25-30
1914,7523242,1,Poland,,
1915,9636947,1,Brazil,Couple,31-40
1916,5875010,1,Poland,Male,25-30
1917,8714014,1,Australia,Female,25-30
1918,8655300,2,Australia,,
1919,9841435,2,France,Male,41+
1920,7334835,1,Germany,,
1921,7815820,1,Canada,Mixed Group,25-30
1922,6451837,2,USA,,
1923,5964909,1,Germany,Male,25-30
1924,8848533,1,Austria,All Male Group,25-30
1925,6513891,3,USA,,
1926,8203556,1,Taiwan,,
1927,7518632,1,Australia,,
1928,9444834,3,Hungary,Male,31-40
1929,7455368,1,Australia,,
1930,6853370,1,Austria,,
1931,7225880,2,Canada,Male,41+
1932,8371867,1,Mexico,,
1933,8024896,1,Hong Kong,Female,25-30
1934,6298727,3,Poland,Female,25-30
1935,9594364,1,Germany,All Male Group,25-30
1936,6338726,7,Germany,Male,25-30
1937,5670468,3,New Zealand,Male,25-30
1938,8582757,1,Ireland,,
1939,7126480,3,France,Male,25-30
1940,5393151,12,France,Couple,25-30
1941,9095592,1,France,Couple,41+
1942,9322246,2,China,,
1943,8206478,10,Canada,Male,18-24
1944,5684594,1,Thailand,,
1945,6375463,2,USA,Male,41+
1946,9017905,1,England,,
1947,5719552,2,England,,
1948,8125500,2,Mexico,,
1949,6416540,1,Australia,,
1950,7688615,1,China,,
1951,5380378,1,Poland,,
1952,8188766,1,Switzerland,,
1953,5064001,1,Kyrgyzstan,,
1954,6919960,5,Kazakhstan,,
1955,9646885,3,Australia,Couple,41+
1956,8047788,2,New Zealand,Male,18-24
1957,9853277,8,England,Female,25-30
1958,6183100,1,Italy,,
1959,7547919,1,Iran,Male,31-40
1960,8290742,1,Brazil,Male,31-40
1961,5398062,1,India,,
1962,5666753,1,Spain,,
1963,6845500,2,Canada,Female,25-30
1964,5285748,5,Malaysia,Female,41+
1965,8248468,1,Germany,,
1966,8283988,1,Russia,Female,25-30
1967,8577942,4,Scotland,Female,25-30
1968,5583061,1,Canada,,
1969,5138944,1,Germany,,
1970,8817143,1,Brazil,,
1971,9096952,1,Russia,,
1972,8173388,1,Germany,Female,41+
1973,9323230,2,Italy,Male,25-30
1974,9872916,5,Ireland,,
1975,5346814,5,Mexico,Female,25-30
1976,7248310,1,France,,
1977,8534922,3,Australia,Female,18-24
1978,7312635,1,England,Female,18-24
1979,5143368,5,Malaysia,,
1980,7134785,2,Australia,Female,25-30
1981,9198397,1,USA,,
1982,8664026,1,Germany,,
1983,9346196,1,Germany,,
1984,5193699,2,Scotland,,
1985,8567726,2,Sweden,Female,25-30
1986,9056754,1,Australia,Mixed Group,18-24
1987,7009865,1,Australia,,
1988,9984659,1,China,,
1989,9876604,1,Poland,,
1990,8605392,1,Hong Kong,,
1991,8143960,19,Canada,Female,25-30
1992,6199213,5,England,Couple,31-40
1993,6585166,1,Russia,,
1994,9218570,1,Spain,,
1995,6142180,1,Australia,,
1996,8095360,1,USA,,
1997,7275159,19,Switzerland,Mixed Group,31-40
1998,7783128,10,England,Male,25-30
1999,8764422,4,England,Male,25-30
2000,7314390,1,England,,
2001,9496841,1,Australia,Couple,41+
2002,5677885,1,England,,
2003,7006825,1,England,,
2004,6824723,1,France,,
2005,9375472,1,Brazil,,
2006,7971425,1,Australia,,
2007,6079735,3,Germany,,
2008,5451198,1,Australia,,
2009,9387776,1,Singapore,Male,18-24
2010,8629017,2,Brazil,,
2011,6998427,6,Austria,Male,25-30
2012,8126860,1,Norway,,
2013,9767586,3,France,Male,18-24
2014,7124374,3,USA,,
2015,6431072,1,Hong Kong,,
2016,7778414,1,Germany,,
2017,9562527,11,Bouvet Island,Female,25-30
2018,5325165,10,France,,
2019,9838776,1,Australia,,
2020,6541261,1,France,,
2021,6904069,1,Indonesia,,
2022,9725156,1,Portugal,Female,18-24
2023,6130631,1,Italy,,
2024,7930881,1,Germany,Couple,25-30
2025,8813815,1,USA,,
2026,6466581,1,USA,,
2027,7302146,1,USA,,
2028,9161126,2,Canada,,
2029,6973010,1,Australia,,
2030,6339771,5,Canada,Female,25-30
2031,9648871,1,Italy,,
2032,9264477,1,Italy,Couple,25-30
2033,6381552,7,Netherlands,Female,25-30
2034,8505567,1,Ireland,,
2035,5454343,1,Russia,,
2036,8210654,1,USA,,
2037,6851461,2,Italy,,
2038,7106170,4,Romania,Female,25-30
2039,7304664,1,England,,
2040,9440735,1,Italy,Male,31-40
2041,9637562,1,Portugal,,
2042,6859249,2,Ireland,,
2043,9587839,2,Turkey,Female,25-30
2044,9111097,1,Canada,,
2045,5066169,4,Germany,Couple,31-40
2046,7558742,1,Czech Republic,Male,25-30
2047,8226717,2,Germany,Female,25-30
2048,9451519,8,Taiwan,Male,25-30
2049,7809380,1,Germany,,
2050,6642833,1,Italy,,
2051,8739894,1,Guatemala,Female,25-30
2052,6401696,8,Canada,,
2053,5451557,1,Netherlands,,
2054,9864074,3,USA,Female,25-30
2055,6943660,2,Italy,,
2056,9443941,1,China,,
2057,9523541,1,France,Female,25-30
2058,5375824,1,England,,
2059,5453096,1,USA,,
2060,7415480,2,France,All Male Group,31-40
2061,9364629,2,Singapore,Female,18-24
2062,9751498,2,England,Female,18-24
2063,5211481,1,Spain,,
2064,8688732,1,Germany,Female,31-40
2065,7760240,4,Thailand,Female,18-24
2066,8710175,2,Italy,,
2067,6366213,1,Australia,,
2068,6257437,1,Brazil,,
2069,6967375,2,Hong Kong,Couple,31-40
2070,9648026,1,France,,
2071,9746353,1,South Korea,,
2072,9674205,2,Germany,Female,25-30
2073,7055434,1,USA,,
2074,6496907,1,Germany,,
2075,8938075,2,USA,Couple,25-30
2076,8588930,1,France,All Male Group,25-30
2077,7911822,1,England,,
2078,5306103,2,Brazil,Male,25-30
2079,9994391,9,Brazil,Male,25-30
2080,7517333,1,Italy,,
2081,9862748,1,Finland,,
2082,9797766,1,France,,
2083,6956916,1,Germany,Male,25-30
2084,7008253,3,Finland,,
2085,6988766,1,Tunisia,,
2086,6277268,1,Netherlands,Female,31-40
2087,9705581,2,USA,Male,41+
2088,8227111,1,USA,Male,31-40
2089,5762587,1,France,,
2090,5397725,1,France,,
2091,6101413,2,USA,,
2092,8107507,1,Germany,,
2093,6913936,4,Norway,Couple,31-40
2094,9209021,1,USA,,
2095,7851766,8,England,Female,41+
2096,9700650,1,France,Couple,41+
2097,8547154,1,Sweden,,
2098,6309958,1,England,,
2099,9808326,1,Italy,Male,25-30
2100,7296869,5,USA,,
2101,5854930,1,Canada,,
2102,6215221,8,England,Male,41+
2103,5187289,1,England,,
2104,7647856,1,South Korea,,
2105,9238617,2,South Korea,Female,25-30
2106,8376367,1,England,Couple,18-24
2107,8306112,1,Italy,,
2108,7840776,1,Netherlands,Female,25-30
2109,9229659,2,Spain,Female,18-24
2110,7223628,1,USA,,
2111,5366656,1,Austria,,
2112,7359080,4,USA,,
2113,5803113,1,Germany,,
2114,8498250,2,England,Male,18-24
2115,6215195,7,Mexico,Female,18-24
2116,5600823,2,Denmark,,
2117,7028227,1,Australia,,
2118,9544044,1,Czech Republic,Male,31-40
2119,9333519,2,Indonesia,,
2120,9174128,2,USA,Male,18-24
2121,9697671,1,France,Mixed Group,
2122,6733010,5,USA,Female,18-24
2123,6261010,1,Netherlands,Couple,25-30
2124,6913870,1,USA,,
2125,8523334,1,England,Female,31-40
2126,5069582,1,Germany,,
2127,5881499,1,Romania,,
2128,6214700,1,Australia,,
2129,8642293,2,Canada,,
2130,7046663,1,Australia,,
2131,6399500,1,USA,,
2132,6606250,1,Canada,,
2133,5047999,2,USA,,
2134,5072269,1,USA,Couple,25-30
2135,6758283,1,China,,
2136,6533701,1,Italy,SOLO,TWENTYFIVETOTHIRTY
2137,9105222,1,Hong Kong,,
2138,6728168,1,England,,
2139,6590452,1,England,,
2140,7323569,1,Netherlands,Female,25-30
2141,7417488,1,Australia,,
2142,6046593,1,USA,,
2143,9512537,1,Hong Kong,,
2144,9623622,1,England,Male,18-24
2145,9834133,1,Spain,,
2146,6402142,1,Poland,,
2147,7781793,2,Italy,,
2148,5037704,3,Ireland,,
2149,6435472,1,USA,,
2150,8393893,5,England,,
2151,5298017,1,Australia,,
2152,6349489,2,England,Female,18-24
2153,5025191,1,England,,
2154,8621141,1,USA,,
2155,5727582,1,USA,,
2156,7671122,1,Denmark,,
2157,7052973,3,Wales,,
2158,6993986,2,Norway,Couple,18-24
2159,6221250,1,Finland,,
2160,7935265,3,Brazil,,
2161,9911449,1,Italy,Male,18-24
2162,6351959,1,USA,Female,41+
2163,9893773,1,Serbia,Male,25-30
2164,9125382,3,Denmark,Male,41+
2165,7217281,2,Argentina,Male,25-30
2166,6347405,1,Israel,,
2167,5242436,1,Slovenia,,
2168,6877382,1,Australia,,
2169,5495498,1,Canada,,
2170,5680038,1,Scotland,,
2171,7759372,1,Spain,Female,25-30
2172,7999821,1,Germany,,
2173,5854237,1,Ireland,,
2174,5397180,1,Italy,,
2175,9390507,2,Norway,All Female Group,25-30
2176,5295108,1,South Korea,,
2177,7528251,1,Australia,,
2178,6757820,1,Spain,,
2179,9973147,1,France,Male,41+
2180,9306672,1,Norway,,
2181,5030861,1,Congo,,
2182,9746488,1,Malaysia,Female,25-30
2183,5563121,1,USA,,
2184,6670353,1,USA,,
2185,5050579,1,Germany,,
2186,5955583,9,England,,
2187,5082951,1,Belgium,,
2188,5092356,1,USA,,
2189,7648683,1,France,,
2190,6245618,1,Mexico,,
2191,7769385,1,Poland,,
2192,8150919,1,England,,
2193,8979543,4,Germany,Female,25-30
2194,9922797,7,Finland,SOLO,EIGHTEENTOTWENTYFOUR
2195,9114237,2,Malaysia,Male,41+
2196,5288139,1,Finland,,
2197,6158004,2,England,Male,25-30
2198,9428846,3,Australia,Male,25-30
2199,8604476,1,Italy,,
2200,8645163,1,Israel,,
2201,9009265,1,Brazil,,
2202,7573673,2,Canada,Female,18-24
2203,7831768,1,Sweden,,
2204,5777547,1,Ireland,,
2205,9759982,1,Finland,,
2206,5186323,1,South Korea,,
2207,8863884,2,Finland,Male,25-30
2208,8929746,3,France,Female,31-40
2209,7069603,2,USA,,
2210,5423623,3,Spain,,
2211,5918742,1,Australia,Female,25-30
2212,9666971,1,Greece,,
2213,5451490,3,Australia,,
2214,7811009,1,Hungary,,
2215,7115242,1,USA,,
2216,6355908,3,Belgium,Male,31-40
2217,7197248,1,Germany,,
2218,8948232,1,Australia,Female,18-24
2219,6679080,1,England,,
2220,8590638,1,Netherlands,,
2221,9894318,2,Switzerland,Female,25-30
2222,8085527,3,Indonesia,,
2223,5228015,1,England,,
2224,7949839,1,Hungary,,
2225,6839001,1,Germany,,
2226,7834329,2,Germany,All Female Group,18-24
2227,6122826,1,China,,
2228,7475770,1,Germany,,
2229,5739030,3,Poland,,
2230,9920796,5,Norway,,
2231,5545741,1,Australia,,
2232,9248425,1,USA,,
2233,6802558,3,Venezuela,Male,18-24
2234,6922773,1,South Korea,,
2235,9951305,3,Canada,,
2236,6416783,2,Germany,Male,25-30
2237,8738404,2,France,Female,41+
2238,6616260,1,USA,,
2239,7122566,1,France,,
2240,5030902,1,England,,
2241,9953239,1,Germany,Female,25-30
2242,6793074,1,Belgium,,
2243,7959964,1,France,,
2244,7602036,1,Sweden,,
2245,7530154,1,England,,
2246,9908315,2,USA,,
2247,5402858,1,Canada,,
2248,7198910,1,Germany,Male,41+
2249,8110189,1,Argentina,,
2250,9556075,1,USA,,
2251,9385158,1,Spain,,
2252,5566932,13,USA,,
2253,7479696,1,England,,
2254,9781377,1,Canada,,
2255,9579844,2,Croatia,Female,25-30
2256,5742242,3,Netherlands,Male,25-30
2257,8257065,1,France,Couple,41+
2258,9982584,2,Germany,Male,18-24
2259,6825402,1,Russia,,
2260,9129015,3,Canada,,
2261,6801841,4,USA,,
2262,6140891,1,Canada,,
2263,6818764,1,Australia,,
2264,7591204,1,England,,
2265,8342707,3,France,Male,25-30
2266,7693427,8,USA,,
2267,8109736,4,USA,Female,18-24
2268,6895682,1,Mexico,,
2269,7413552,8,England,Male,18-24
2270,6989623,1,Brazil,,
2271,7200586,1,Spain,,
2272,8905705,1,Mexico,Female,25-30
2273,9031269,1,Ukraine,,
2274,9889868,2,Spain,,
2275,7347434,4,Singapore,,
2276,9614025,1,Austria,,
2277,8814696,1,Scotland,,
2278,8227478,1,New Zealand,,
2279,9835644,1,Brazil,,
2280,9820610,2,Costa Rica,,
2281,7715966,1,USA,,
2282,7135699,1,Denmark,,
2283,9737523,1,Egypt,,
2284,8233801,1,Norway,,
2285,6810892,2,Northern Ireland,,
2286,7410785,3,USA,,
2287,5354067,2,USA,,
2288,9497100,3,France,Male,25-30
2289,9310098,1,USA,,
2290,9302198,1,Austria,Female,25-30
2291,9901529,1,England,Male,18-24
2292,6232385,4,Vietnam,,
2293,7738922,1,England,,
2294,9043273,1,South Africa,,
2295,5384509,1,Australia,,
2296,6722674,1,England,,
2297,5123220,2,Australia,,
2298,5116508,3,Trinidad And Tobago,,
2299,6944900,1,England,,
2300,7271906,4,USA,Couple,25-30
2301,5132075,1,Poland,,
2302,8810807,12,England,,
2303,8085129,1,Australia,,
2304,7051478,1,USA,Female,18-24
2305,8359982,2,Canada,Male,25-30
2306,7590372,7,England,Male,31-40
2307,7729545,4,China,Female,18-24
2308,6120627,1,USA,,
2309,7561157,1,Germany,Female,25-30
2310,7089476,1,Guatemala,,
2311,6238850,1,Germany,,
2312,6110157,1,France,,
2313,9170453,4,France,Male,25-30
2314,7316185,4,Canada,,
2315,5658961,4,Netherlands,All Male Group,25-30
2316,9328251,6,Taiwan,SOLO,EIGHTEENTOTWENTYFOUR
2317,5813529,1,Sweden,,
2318,9575382,1,South Korea,,
2319,8113140,1,Latvia,,
2320,9545744,1,Sweden,,
2321,6410505,3,USA,,
2322,5139031,1,England,,
2323,6298317,3,Canada,,
2324,7901853,1,USA,,
2325,5950573,4,Italy,Female,25-30
2326,9776330,1,Italy,Male,31-40
2327,7572558,2,Ireland,,
2328,7043558,1,Canada,,
2329,9874850,2,Australia,,
2330,6003383,1,Spain,Male,25-30
2331,8533178,1,USA,,
2332,9575285,2,Switzerland,Couple,31-40
2333,6408573,2,Canada,,
2334,5452956,6,England,,
2335,6314106,1,USA,,
2336,8585024,14,France,Male,31-40
2337,7278247,1,Thailand,Female,25-30
2338,8973375,1,USA,Male,18-24
2339,7821653,1,China,,
2340,8585616,1,Ireland,,
2341,9084718,1,Germany,Couple,31-40
2342,9260625,2,Turkey,,
2343,9869814,2,USA,Male,25-30
2344,9226792,4,Belgium,Female,31-40
2345,9403751,1,USA,,
2346,5960277,1,China,,
2347,8861037,1,South Korea,Female,25-30
2348,8252553,1,Germany,,
2349,5222239,4,Poland,Male,25-30
2350,6127638,1,South Korea,,
2351,9734926,1,USA,,
2352,6903766,2,Brazil,,
2353,6369061,1,New Zealand,,
2354,6968025,1,USA,Female,41+
2355,8772617,1,USA,,
2356,9634337,4,Argentina,Female,25-30
2357,7654197,1,Italy,Male,25-30
2358,9918167,1,Ukraine,,
2359,8409845,1,Greece,,
2360,6699427,3,Slovakia,Male,31-40
2361,5296130,1,China,,
2362,9109047,13,Turkey,Female,18-24
2363,5061090,1,Spain,All Female Group,41+
2364,5313295,1,England,,
2365,7168088,1,Germany,,
2366,6775775,2,England,,
2367,7572985,2,Poland,,
2368,9539180,6,Canada,SOLO,3
2369,6626826,1,England,,
2370,6985324,5,Brazil,Male,25-30
2371,5617856,1,China,,
2372,9079683,1,England,,
2373,6554471,1,Canada,,
2374,9809498,1,USA,,
2375,5845599,1,Argentina,,
2376,7825621,1,Netherlands,Male,25-30
2377,9621090,3,Norway,Female,18-24
2378,9940354,1,Brazil,,
2379,9320245,2,Italy,Female,41+
2380,9092876,1,England,Female,18-24
2381,6246776,2,England,Female,18-24
2382,9505348,3,Spain,Female,31-40
2383,7464667,1,USA,,
2384,7906159,1,Thailand,Female,25-30
2385,7461093,1,France,Female,25-30
2386,9973585,1,USA,,
2387,6569868,3,USA,,
2388,9785057,1,USA,All Female Group,25-30
2389,7794127,2,Ireland,,
2390,7384448,7,Switzerland,Female,25-30
2391,5959263,1,USA,Male,25-30
2392,5491782,10,USA,,
2393,9338460,1,USA,,
2394,7645390,1,USA,,
2395,8205402,3,Italy,Male,25-30
2396,9248317,1,Germany,Female,
2397,9450520,5,Germany,Female,18-24
2398,5778208,11,Northern Ireland,,
2399,6295895,1,Australia,,
2400,6641367,1,Canada,,
2401,5151964,1,Switzerland,,
2402,7212894,1,England,,
2403,8561493,1,Canada,Female,25-30
2404,6664427,1,Australia,,
2405,6707429,1,Australia,,
2406,6253070,1,Germany,,
2407,6453647,3,England,,
2408,8408244,1,Canada,,
2409,6787600,1,Canada,Male,25-30
2410,6271276,1,Australia,,
2411,5326156,1,USA,,
2412,5241029,1,USA,,
2413,8387947,1,Brazil,,
2414,8033567,1,Italy,,
2415,5311228,2,England,,
2416,8064673,1,Singapore,,
2417,7714779,2,Ireland,,
2418,8528498,1,Sweden,,
2419,8319894,2,USA,,
2420,5632568,2,Canada,Female,25-30
2421,8181304,1,New Zealand,,
2422,9458626,1,England,,
2423,6200149,1,Taiwan,,
2424,9888008,1,Indonesia,Male,31-40
2425,9141808,9,Spain,Mixed Group,18-24
2426,7636592,2,Czech Republic,,
2427,9573375,2,USA,,
2428,9570595,1,Italy,,
2429,8167392,7,Switzerland,,
2430,9517390,6,Brazil,All Male Group,25-30
2431,8174820,2,USA,,
2432,5659370,1,Australia,,
2433,5742807,1,Austria,,
2434,6818609,1,Canada,,
2435,9157300,1,Germany,,
2436,6346746,4,USA,,
2437,9112974,2,France,Male,18-24
2438,5148865,1,Germany,,
2439,7301602,1,France,Male,18-24
2440,7818695,1,France,,
2441,6381824,2,Brazil,Male,31-40
2442,9054826,5,Malaysia,Couple,31-40
2443,6487342,1,France,Male,25-30
2444,8029342,2,British Virgin Islands,Female,25-30
2445,5273377,1,USA,,
2446,8299053,1,Tunisia,,
2447,7749991,1,France,All Female Group,25-30
2448,8077410,1,Chile,,
2449,5729288,2,Netherlands,,
2450,5535114,1,Poland,Couple,18-24
2451,6859620,5,USA,,
2452,7073519,1,Malaysia,,
2453,5843890,3,USA,,
2454,6374339,2,Finland,,
2455,7375035,2,Canada,,
2456,5740813,2,Italy,,
2457,6438558,1,China,,
2458,9980824,1,Portugal,Male,18-24
2459,7757426,1,Germany,Male,31-40
2460,5511407,4,England,,
2461,5650202,1,Germany,,
2462,6034560,2,Argentina,,
2463,9932970,2,England,Female,18-24
2464,5089319,1,England,,
2465,8199792,6,France,Female,25-30
2466,6730701,1,USA,,
2467,9432898,5,Spain,Male,25-30
2468,5981488,1,USA,,
2469,7123878,39,Hong Kong,Male,41+
2470,5356302,1,Brazil,,
2471,6920170,4,France,Female,18-24
2472,6335722,1,USA,,
2473,5420374,1,USA,,
2474,7280747,2,England,,
2475,5546954,1,Australia,,
2476,8240933,1,Spain,,
2477,8346455,1,Hong Kong,Female,18-24
2478,5958808,1,Australia,,
2479,9969151,1,France,Female,18-24
2480,7970483,1,England,,
2481,7423619,2,USA,,
2482,6183207,2,Australia,,
2483,7477699,1,Italy,,
2484,5700465,1,USA,,
2485,7815916,1,Ireland,,
2486,8949829,2,USA,Female,18-24
2487,8689917,1,Thailand,Female,31-40
2488,8061738,2,Netherlands,Male,25-30
2489,6615434,1,Belgium,,
2490,9600428,1,Argentina,Female,25-30
2491,6495184,4,USA,,
2492,7477878,1,USA,,
2493,5719081,1,Argentina,,
2494,9684837,1,Belgium,Male,25-30
2495,9134658,1,USA,Male,25-30
2496,7982466,4,Israel,,
2497,8485445,1,Australia,,
2498,8106508,1,England,,
2499,6760682,1,Australia,,
2500,5592359,3,Canada,,
2501,6750693,1,England,,
2502,9557530,1,Russia,,
2503,7183168,1,Netherlands,,
2504,7628027,2,Germany,Female,25-30
2505,8849944,2,France,Male,25-30
2506,9808274,1,USA,,
2507,7027581,1,Finland,,
2508,6962630,1,France,,
2509,7735068,1,Italy,Female,18-24
2510,7407529,1,Australia,,
2511,6536031,4,Australia,,
2512,8754034,2,France,Female,18-24
2513,5013380,4,Scotland,,
2514,8629655,6,Germany,Couple,25-30
2515,9013930,1,USA,,
2516,5131446,9,Spain,Male,31-40
2517,6042959,1,USA,,
2518,5779014,1,Germany,,
2519,6216544,1,Argentina,,
2520,7064157,2,USA,,
2521,6740203,1,Italy,Female,25-30
2522,5862225,7,France,Mixed Group,25-30
2523,9006323,2,Brazil,,
2524,5449368,1,England,,
2525,8625399,1,Germany,,
2526,7569645,1,France,,
2527,5545983,1,Spain,,
2528,9305482,4,Germany,,
2529,5280965,6,Netherlands,Couple,25-30
2530,5295663,5,Australia,,
2531,7993472,2,Colombia,Male,25-30
2532,5645683,5,Australia,,
2533,5460761,1,Canada,,
2534,5182263,1,USA,Female,25-30
2535,7222154,1,Italy,,
2536,6332405,1,Spain,Male,31-40
2537,8282946,1,Sweden,,
2538,7467955,1,England,,
2539,7076290,1,Switzerland,,
2540,6046976,1,Italy,,
2541,5667286,8,Sweden,Male,25-30
2542,6625497,2,Brazil,,
2543,8703278,1,USA,,
2544,9805208,1,India,Male,25-30
2545,6459801,1,Germany,Female,25-30
2546,8994448,1,Greece,,
2547,6672772,1,France,,
2548,5486797,1,Spain,Male,18-24
2549,7409551,1,Spain,,
2550,6354504,1,USA,,
2551,6826860,3,New Zealand,,
2552,7378260,1,Thailand,,
2553,9399524,1,USA,,
2554,6519309,1,China,Female,25-30
2555,5235608,1,Ireland,,
2556,8739038,1,USA,,
2557,9448552,2,Japan,,
2558,7336430,1,Australia,,
2559,9338053,1,Thailand,,
2560,6405286,2,France,Male,25-30
2561,8283386,2,Dominican Republic,,
2562,6977177,1,Hong Kong,,
2563,6776395,1,Germany,,
2564,8902514,2,Russia,All Female Group,18-24
2565,8115730,1,Italy,Female,31-40
2566,9257632,1,USA,,
2567,6981006,1,England,,
2568,7283640,13,USA,Male,41+
2569,6791974,1,Belgium,,
2570,6963620,1,Italy,,
2571,9047507,1,Slovakia,,
2572,5095596,2,USA,,
2573,6391835,1,Finland,,
2574,7986288,1,Australia,Female,25-30
2575,7732060,2,American Samoa,Male,25-30
2576,7748352,2,USA,,
2577,9307920,2,Australia,,
2578,8553374,1,England,Female,41+
2579,5073040,1,Mauritius,,
2580,8839723,2,Sweden,,
2581,8215167,1,USA,,
2582,6463692,1,USA,,
2583,9068948,4,USA,Female,25-30
2584,6586977,1,Australia,,
2585,6532691,27,USA,Female,25-30
2586,7483767,2,England,,
2587,7465845,1,Australia,,
2588,8097499,1,USA,,
2589,9304245,1,Italy,,
2590,5422743,1,New Zealand,,
2591,9991882,1,Romania,,
2592,7340865,1,USA,,
2593,9344905,4,USA,INMIXEDGROUP,TWENTYFIVETOTHIRTY
2594,5182312,3,Malaysia,,
2595,6702717,1,Australia,,
2596,8781590,2,Germany,,
2597,8757168,2,Russia,Male,18-24
2598,5478303,1,Scotland,Male,31-40
2599,8652205,1,Japan,,
2600,7279713,3,India,INALLMALEGROUP,THIRTYONETOFOURTY
2601,8368161,1,Romania,,
2602,5880816,1,Finland,,
2603,8263275,1,Czech Republic,,
2604,7909924,1,Latvia,,
2605,5912188,1,USA,,
2606,5841251,1,USA,Female,25-30
2607,7479100,1,China,Female,25-30
2608,6386672,1,Scotland,,
2609,5172581,1,England,Female,25-30
2610,7761702,1,England,,
2611,5180848,1,Finland,,
2612,5714573,5,Argentina,Male,25-30
2613,5545085,2,Australia,,
2614,6970051,1,Finland,,
2615,6881063,22,Australia,Female,25-30
2616,9951525,5,Spain,Female,31-40
2617,5052283,1,USA,,
2618,9356750,1,South Korea,,
2619,8763874,1,Mexico,,
2620,9163332,1,England,Couple,41+
2621,5412310,3,Canada,,
2622,9824879,1,USA,,
2623,8100136,4,South Africa,Mixed Group,41+
2624,6026179,1,Spain,,
2625,9536333,1,Scotland,,
2626,6483075,1,Belgium,,
2627,9555949,1,Austria,Male,31-40
2628,7693318,1,Vietnam,,
2629,8455163,2,Belgium,Female,31-40
2630,6996439,1,USA,,
2631,6770952,1,Ireland,,
2632,9735973,2,India,,
2633,7900190,6,Germany,Couple,25-30
2634,5096344,2,Germany,,
2635,5968687,10,USA,,
2636,8066545,9,Canada,,
2637,9800329,1,Germany,,
2638,7930423,1,USA,,
2639,8390130,2,USA,CHOOSEONE,Age Group
2640,7565674,4,Scotland,,
2641,8603680,10,USA,Male,25-30
2642,8080212,2,Morocco,,
2643,6750467,1,Germany,Couple,25-30
2644,7436411,2,Italy,,
2645,8216378,1,Italy,,
2646,6472383,1,South Korea,,
2647,9263124,1,New Zealand,Couple,41+
2648,9052564,1,Italy,Female,31-40
2649,9433107,1,Pakistan,Male,41+
2650,6297110,1,Brazil,,
2651,9187800,2,Germany,Female,25-30
2652,9867159,5,Italy,Mixed Group,41+
2653,6730970,2,USA,,
2654,7544854,2,Spain,,
2655,5134536,1,Italy,,
2656,8917387,1,Ukraine,,
2657,6651476,1,Thailand,Male,31-40
2658,5280592,1,Canada,,
2659,5678157,3,England,,
2660,6796786,16,England,Male,41+
2661,7700351,1,Canada,,
2662,8732980,1,Austria,Female,25-30
2663,7865445,1,Wales,,
2664,8234795,4,USA,Male,18-24
2665,7195282,2,Armenia,Female,25-30
2666,7800754,6,Malaysia,Female,31-40
2667,9754982,3,Sweden,Male,25-30
2668,9165217,1,USA,Female,31-40
2669,6618428,2,Poland,Male,41+
2670,6443410,1,Spain,,
2671,5334978,2,Brazil,Male,25-30
2672,7480936,1,Germany,,
2673,9001137,2,Ecuador,Male,31-40
2674,9561699,1,Argentina,,
2675,6694143,1,Spain,,
2676,8297401,1,USA,,
2677,5879044,4,Brazil,,
2678,7970923,3,Slovakia,Male,25-30
2679,6878765,2,Canada,,
2680,6107078,1,USA,,
2681,6097428,1,Lithuania,,
2682,9539932,1,Israel,,
2683,9636990,1,England,Couple,25-30
2684,5232706,1,Argentina,,
2685,5090628,2,USA,Female,25-30
2686,7812936,1,Germany,,
2687,8625392,7,Malaysia,Male,31-40
2688,7576818,1,Australia,,
2689,8710630,1,China,,
2690,8203768,1,England,,
2691,7257027,1,USA,,
2692,6429438,1,Norway,All Female Group,25-30
2693,7830529,1,Australia,,
2694,7294293,1,USA,,
2695,6099358,1,Spain,,
2696,6995031,1,Spain,,
2697,6616642,1,Spain,Female,25-30
2698,9943181,1,USA,,
2699,6721828,1,USA,,
2700,9473423,1,Israel,Male,25-30
2701,7592317,1,USA,,
2702,6838442,1,USA,,
2703,6491661,1,Netherlands,Male,31-40
2704,6604512,5,Serbia,Couple,25-30
2705,5827290,1,Italy,,
2706,5157895,1,Denmark,,
2707,9466643,1,Thailand,Female,25-30
2708,9832282,1,Belgium,,
2709,8153087,1,Netherlands,,
2710,6622952,15,Philippines,Male,31-40
2711,8309432,1,USA,,
2712,6721407,1,France,Couple,18-24
2713,6440742,1,USA,,
2714,9787962,1,Brazil,,
2715,6561332,1,Italy,,
2716,8010924,1,Switzerland,,
2717,9601400,1,Netherlands,,
2718,9734552,2,USA,,
2719,7594501,13,New Zealand,,
2720,9457761,1,Germany,Mixed Group,25-30
2721,6594670,1,Ireland,Female,25-30
2722,7495257,1,China,,
2723,7491901,3,Australia,,
2724,8485456,1,Australia,,
2725,7565955,1,Canada,,
2726,9350220,1,Turkey,,
2727,7177474,1,USA,,
2728,7217033,1,Indonesia,,
2729,8444565,2,England,,
2730,6709044,5,Czech Republic,Male,25-30
2731,9975198,1,Canada,Couple,25-30
2732,7048295,1,USA,,
2733,8677330,1,Japan,Female,18-24
2734,6000138,1,Spain,Female,31-40
2735,5848497,1,Wales,,
2736,5374712,1,Hungary,,
2737,9778899,1,Egypt,,
2738,9899492,5,Canada,Female,25-30
2739,7643462,1,Argentina,,
2740,8578374,2,Germany,,
2741,6156172,1,France,,
2742,7326215,1,Ireland,Male,25-30
2743,7884314,1,Argentina,,
2744,9130807,1,Austria,,
2745,7765348,1,Russia,,
2746,8820205,1,USA,Female,25-30
2747,6121362,2,Portugal,Male,18-24
2748,7360420,1,Australia,,
2749,9787281,2,England,Female,25-30
2750,8568992,3,Poland,Female,31-40
2751,8360033,3,Czech Republic,,
2752,6428964,3,USA,,
2753,7733420,1,Poland,,
2754,9665346,2,England,Male,18-24
2755,9896204,2,Spain,Female,25-30
2756,7781825,1,Canada,,
2757,6203263,1,USA,,
2758,5936538,3,Australia,,
2759,6126112,2,USA,,
2760,7651913,1,Denmark,,
2761,6415901,1,Germany,Couple,25-30
2762,9067699,1,Austria,,
2763,9390339,2,USA,Male,31-40
2764,8262858,1,Finland,Male,25-30
2765,6316542,2,USA,,
2766,5623871,1,USA,,
2767,5287259,4,Denmark,,
2768,7568594,1,South Korea,,
2769,8508046,1,China,,
2770,8588051,1,Germany,,
2771,7112884,1,Germany,,
2772,9601736,2,Germany,Male,18-24
2773,5530903,1,Czech Republic,,
2774,9313770,2,Spain,,
2775,5582418,1,USA,,
2776,9731869,1,USA,Male,18-24
2777,5939798,1,France,,
2778,8019867,1,Brazil,Male,18-24
2779,8647324,1,Indonesia,,
2780,7891143,2,USA,Female,31-40
2781,9268852,1,England,,
2782,7806908,1,Germany,,
2783,9320744,1,Poland,,
2784,7091767,2,Canada,,
2785,8606821,1,Brazil,,
2786,5211411,1,Wales,,
2787,9643483,1,Spain,Female,31-40
2788,8737569,1,New Zealand,,
2789,5197220,4,USA,,
2790,6585605,1,Canada,,
2791,7282941,1,Germany,,
2792,9691148,1,USA,,
2793,9182642,1,Italy,,
2794,6720981,3,Italy,Couple,18-24
2795,8697590,1,Finland,,
2796,9117348,1,Switzerland,,
2797,6127773,3,Sweden,All Female Group,18-24
2798,7685750,2,Italy,Female,18-24
2799,9489311,1,Belgium,Female,31-40
2800,9897079,2,England,Male,18-24
2801,6383920,7,England,,
2802,5075020,4,Australia,Female,41+
2803,9768833,9,Canada,Female,25-30
2804,5657758,1,Finland,,
2805,6882657,2,USA,,
2806,6021614,1,Australia,,
2807,7389852,1,Canada,,
2808,7997276,1,Australia,,
2809,9303590,1,England,Couple,25-30
2810,6234470,1,England,,
2811,8325210,1,Australia,Female,25-30
2812,8943375,8,Germany,Female,18-24
2813,5976982,1,Spain,,
2814,5572732,1,USA,,
2815,7998639,4,Spain,Male,31-40
2816,7417754,1,Spain,,
2817,5646907,1,Scotland,,
2818,7725928,1,Brazil,,
2819,8771525,2,Spain,Couple,18-24
2820,9381875,1,Brazil,Male,18-24
2821,7040962,2,Poland,Female,31-40
2822,9653083,1,Mexico,,
2823,6434373,1,Costa Rica,,
2824,9194533,9,Italy,Male,18-24
2825,9469621,1,Australia,,
2826,6061208,1,Australia,,
2827,9613362,2,Poland,Female,25-30
